Id,Category
0,Andy Serkis
1,Amy Ryan
2,Adrien Brody
3,Adriana Barraza
4,Albert Brooks
5,Aaron Taylor-Johnson
6,Amber Heard
7,Adele
8,Ava Gardner
9,Alex Pettyfer
10,Anna Faris
11,Anthony Perkins
12,Bill Hader
13,Barabara Palvin
14,Benjamin Bratt
15,Berenice Bejo
16,Alessandra Ambrosio
17,Alan Arkin
18,Akemi Darenogare
19,Anderson Cooper
20,Ashley Graham
21,Ashley Greene
22,Benedict Cumberbatch
23,Adele
24,Ashley Greene
25,Alan Rickman
26,Benedict Cumberbatch
27,Albert Finney
28,Amber Heard
29,Adam Sandler
30,Angela Bassett
31,Ava Gardner
32,Amy Adams
33,Al Pacino
34,Andrew Garfield
35,Andreea Diaconu
36,Andrew Garfield
37,Aaron Taylor-Johnson
38,Anna Paquin
39,Alessandra Ambrosio
40,Alicia Vikander
41,bella thorne
42,Anderson Cooper
43,Anne Baxter
44,Bette Midler
45,Amy Ryan
46,Barbra Streisand
47,Adriana Barraza
48,Alan Arkin
49,Alessandra Ambrosio
50,Aaron Paul
51,Ava Gardner
52,Adriana Barraza
53,Abigail Breslin
54,Bill Paxton
55,Alice Eve
56,Adele
57,Andrew Lincoln
58,Bill O Reilly
59,Alec Baldwin
60,Anderson Cooper
61,Armin Mueller-Stahl
62,Audrey Tautou
63,Anthony Hopkins
64,Andy Garcia
65,Aaron Judge
66,Andreea Diaconu
67,Barbra Streisand
68,Alexandra Daddario
69,Andy Serkis
70,Albert Brooks
71,Ben Johnson
72,Analeigh Tipton
73,Adele
74,Anthony Perkins
75,Armin Mueller-Stahl
76,Bill Hader
77,Alessandra Ambrosio
78,Al Roker
79,Anna Friel
80,Al Pacino
81,Andreea Diaconu
82,Abigail Breslin
83,Anna Kendrick
84,Alice Eve
85,Anjelica Huston
86,Adriana Lima
87,Angelina Jolie
88,Arnold Schwarzenegger
89,Anthony Mackie
90,Amanda Bynes
91,Benicio Del Toro
92,Amanda Seyfried
93,Alex Pettyfer
94,Alicia Vikander
95,Alx James
96,Amanda Crew
97,Ben Kingsley
98,Armin Mueller-Stahl
99,Amber Heard
100,Adriana Lima
101,Andrew Lincoln
102,Ashley Judd
103,Amy Schumer
104,Benicio Del Toro
105,Andrew Garfield
106,Anna Paquin
107,Barabara Palvin
108,Ashley Judd
109,Akemi Darenogare
110,Bella Hadid
111,Amy Schumer
112,Ben Johnson
113,Aaron Judge
114,Abigail Breslin
115,Andrew Garfield
116,Bill Rancic
117,Aaron Paul
118,Anna Friel
119,Alexander Skarsgard
120,Anne Hathaway
121,Audrey Tautou
122,Aaron Paul
123,Alx James
124,Anthony Hopkins
125,Beyonce Knowles
126,Andrew Luck
127,Alice Eve
128,Berenice Bejo
129,Bill Paxton
130,Barbra Streisand
131,Anne Hathaway
132,Anna Faris
133,Anna Sui
134,Arnold Schwarzenegger
135,Adriana Barraza
136,Bill Rancic
137,Albert Finney
138,Ashley Judd
139,Anna Sui
140,Adele
141,Anne Hathaway
142,Annette Bening
143,AnnaSophia Robb
144,Alec Baldwin
145,bella thorne
146,Billy Bob Thornton
147,Bill Rancic
148,Alex Pettyfer
149,Aaron Paul
150,Albert Finney
151,Al Pacino
152,Billy Bob Thornton
153,Aaron Taylor-Johnson
154,Ben Johnson
155,Ashley Judd
156,Alan Arkin
157,Bette Midler
158,Benicio Del Toro
159,Anna Friel
160,Adele
161,Albert Finney
162,Amy Ryan
163,Alex Pettyfer
164,Akemi Darenogare
165,Amy Schumer
166,Anjelica Huston
167,Andrew Garfield
168,Aaron Judge
169,Adrianne Palicki
170,Amanda Bynes
171,Adriana Barraza
172,Angelina Jolie
173,Albert Finney
174,Alexandra Daddario
175,Anne Baxter
176,AnnaSophia Robb
177,Amanda Seyfried
178,Angelina Jolie
179,Barbra Streisand
180,Bill Daley
181,Benjamin Bratt
182,Andrew Lincoln
183,Analeigh Tipton
184,Alexandra Daddario
185,Alexander Skarsgard
186,Anthony Hopkins
187,Bill Rancic
188,Anna Kendrick
189,Andy Murray
190,Berenice Bejo
191,Amanda Bynes
192,Anjelica Huston
193,Adele
194,Anna Friel
195,Adrianne Palicki
196,Anthony Hopkins
197,Andy Serkis
198,Amanda Seyfried
199,Audrey Hepburn
200,Ashley Greene
201,Annette Bening
202,Antonio Banderas
203,Alessandra Ambrosio
204,Ben Johnson
205,Amanda Seyfried
206,Bill Rancic
207,Barbra Streisand
208,Betty White
209,Albert Brooks
210,Adele
211,Billy Bob Thornton
212,Ashley Judd
213,Amanda Bynes
214,Anne Bancroft
215,Adrien Brody
216,Amy Adams
217,Akemi Darenogare
218,Ben Stiller
219,Bill Pullman
220,Anna Faris
221,Abigail Breslin
222,Art Carney
223,Adele
224,Angelina Jolie
225,Benedict Cumberbatch
226,Anna Kendrick
227,Anna Kendrick
228,Anjelica Huston
229,Anna Paquin
230,Alx James
231,Antonio Banderas
232,Amy Schumer
233,Beyonce Knowles
234,Ava Gardner
235,Benicio Del Toro
236,Adrianne Palicki
237,Adriana Lima
238,Aaron Taylor-Johnson
239,bella thorne
240,Ashton Kutcher
241,Anthony Hopkins
242,Anna Kendrick
243,Benedict Cumberbatch
244,Ben Kingsley
245,Alexandra Daddario
246,Bill Murray
247,Aaron Taylor-Johnson
248,Andrew Luck
249,Benicio Del Toro
250,Beyonce Knowles
251,Arnold Schwarzenegger
252,Alexis Thorpe
253,Angelina Jolie
254,Amanda Crew
255,Bill Pullman
256,Andie MacDowell
257,Ashley Graham
258,Andreea Diaconu
259,Anna Kendrick
260,Alexandra Daddario
261,Ashley Judd
262,Amber Heard
263,Ava Gardner
264,Amanda Peet
265,Bette Midler
266,Barabara Palvin
267,Bill O Reilly
268,Amy Adams
269,Benedict Cumberbatch
270,Anna Paquin
271,Barabara Palvin
272,Beyonce Knowles
273,Andrew Garfield
274,Alice Eve
275,Benicio Del Toro
276,Andrew Garfield
277,Beyonce Knowles
278,Barabara Palvin
279,Anne Bancroft
280,Adriana Lima
281,Amber Heard
282,Armin Mueller-Stahl
283,Art Carney
284,Adele
285,Anderson Cooper
286,Andrew Lincoln
287,Amanda Seyfried
288,Anne Baxter
289,Alex Pettyfer
290,Alexander Skarsgard
291,Bill Hader
292,bella thorne
293,Bill Daley
294,bella thorne
295,Andy Serkis
296,Amy Schumer
297,Andy Serkis
298,Alex Pettyfer
299,Andrew Lincoln
300,Albert Finney
301,Bill Pullman
302,Amanda Seyfried
303,Antonio Banderas
304,Amy Adams
305,Al Roker
306,Analeigh Tipton
307,Alx James
308,Anna Faris
309,Anna Friel
310,Aaron Judge
311,Andy Garcia
312,Aaron Paul
313,Alx James
314,Bill Pullman
315,Bella Hadid
316,Alessandra Ambrosio
317,Anna Sui
318,Alessandra Ambrosio
319,Ashton Kutcher
320,Ben Kingsley
321,Alicia Vikander
322,Adrien Brody
323,Alx James
324,Al Pacino
325,Ali Larter
326,Bette Midler
327,Barry Pepper
328,Andy Samberg
329,Ava Gardner
330,Berenice Bejo
331,Alexis Thorpe
332,Arnold Schwarzenegger
333,Armin Mueller-Stahl
334,Anna Friel
335,Anthony Perkins
336,Audrey Tautou
337,Benicio Del Toro
338,Adrianne Palicki
339,Alexander Skarsgard
340,Andrew Lincoln
341,Andrew Luck
342,Alx James
343,Bernie Mac
344,Andy Serkis
345,Angelina Jolie
346,Benicio Del Toro
347,Ben Affleck
348,Anderson Cooper
349,Benjamin Bratt
350,Abigail Breslin
351,Andrew Luck
352,Ashley Judd
353,Bill Murray
354,Benjamin Bratt
355,Andrew Garfield
356,Barabara Palvin
357,Analeigh Tipton
358,Albert Finney
359,Amanda Peet
360,Abigail Breslin
361,Andreea Diaconu
362,Bette Midler
363,Amy Schumer
364,Angelina Jolie
365,Antonio Banderas
366,Ava Gardner
367,Angela Bassett
368,Audrey Tautou
369,Albert Brooks
370,Berenice Bejo
371,Andrew Garfield
372,Ben Kingsley
373,Audrey Tautou
374,Bill Murray
375,Albert Brooks
376,Amanda Bynes
377,Ashley Graham
378,Andy Garcia
379,Andrew Lincoln
380,Audrey Tautou
381,Ashley Graham
382,Alex Pettyfer
383,Adriana Lima
384,Andy Garcia
385,Arnold Schwarzenegger
386,Adrien Brody
387,Anthony Perkins
388,Ben Johnson
389,Anna Paquin
390,Alan Arkin
391,Armin Mueller-Stahl
392,Anthony Perkins
393,Bette Midler
394,Albert Finney
395,Aaron Paul
396,Alan Arkin
397,Bill Daley
398,Adam Sandler
399,AnnaSophia Robb
400,Anthony Mackie
401,Bella Hadid
402,Alec Baldwin
403,Ben Kingsley
404,Ben Kingsley
405,Anthony Perkins
406,Alexis Thorpe
407,Amy Adams
408,Ben Foster
409,Arnold Schwarzenegger
410,Audrey Tautou
411,Amber Heard
412,Adrien Brody
413,Alex Pettyfer
414,Barry Pepper
415,Adele
416,Ben Kingsley
417,Ben Stiller
418,Alexandra Daddario
419,Bernie Mac
420,Alexandra Daddario
421,Al Pacino
422,Andy Garcia
423,Alx James
424,Ashton Kutcher
425,Berenice Bejo
426,Andy Samberg
427,Andy Garcia
428,Andreea Diaconu
429,Anna Paquin
430,Ben Johnson
431,Ben Kingsley
432,Aaron Judge
433,Ben Johnson
434,Bill Murray
435,Armin Mueller-Stahl
436,Andrew Garfield
437,Bill Pullman
438,Anderson Cooper
439,Ben Kingsley
440,Amy Ryan
441,Alice Eve
442,Alexandra Daddario
443,Alice Eve
444,Adrien Brody
445,Benjamin Bratt
446,Art Carney
447,Anjelica Huston
448,Annette Bening
449,Amy Ryan
450,Angela Bassett
451,Al Pacino
452,Antonio Banderas
453,Alicia Vikander
454,Angela Bassett
455,Alexander Skarsgard
456,Alexis Thorpe
457,Aaron Taylor-Johnson
458,Alex Pettyfer
459,Adrien Brody
460,AnnaSophia Robb
461,Andie MacDowell
462,Amy Adams
463,Antonio Banderas
464,Amanda Crew
465,Andy Garcia
466,Aaron Judge
467,Bella Hadid
468,Amanda Seyfried
469,Ben Affleck
470,Antonio Banderas
471,Anna Paquin
472,Andy Murray
473,Aaron Taylor-Johnson
474,Amy Ryan
475,Al Roker
476,Aaron Taylor-Johnson
477,Alan Alda
478,Antonio Banderas
479,Bill O Reilly
480,Benedict Cumberbatch
481,Andy Garcia
482,Anjelica Huston
483,Andy Garcia
484,Benicio Del Toro
485,Abigail Breslin
486,Alan Rickman
487,Annette Bening
488,Ava Gardner
489,Alec Baldwin
490,Berenice Bejo
491,Ali Larter
492,Alex Pettyfer
493,Anna Kendrick
494,Adam Sandler
495,Analeigh Tipton
496,Benicio Del Toro
497,Alexander Skarsgard
498,Bette Midler
499,Abigail Breslin
500,Alec Baldwin
501,Anderson Cooper
502,Andy Serkis
503,Ben Affleck
504,Barbra Streisand
505,Alan Arkin
506,Andrew Garfield
507,Anna Sui
508,Benjamin Bratt
509,bella thorne
510,Antonio Banderas
511,Ava Gardner
512,Ava Gardner
513,Andie MacDowell
514,Ava Gardner
515,Ben Johnson
516,Alessandra Ambrosio
517,Anjelica Huston
518,Albert Finney
519,Ben Kingsley
520,Barabara Palvin
521,Adriana Barraza
522,Alan Arkin
523,Bill Hader
524,Ben Kingsley
525,Bill Daley
526,Audrey Hepburn
527,Bill Murray
528,Albert Finney
529,Adam Sandler
530,Andrew Garfield
531,Anjelica Huston
532,Abigail Breslin
533,Anna Kendrick
534,Ben Kingsley
535,Alan Alda
536,Ben Foster
537,Adele
538,Art Carney
539,Bernie Mac
540,Alan Alda
541,Akemi Darenogare
542,Anderson Cooper
543,Adriana Barraza
544,Ben Kingsley
545,Audrey Hepburn
546,Alicia Vikander
547,Anna Paquin
548,Art Carney
549,Anderson Cooper
550,Bill Rancic
551,Adrianne Palicki
552,Benedict Cumberbatch
553,Andy Garcia
554,Aaron Taylor-Johnson
555,Anna Kendrick
556,Andy Garcia
557,Alexander Skarsgard
558,Andrew Garfield
559,Bill Hader
560,Audrey Hepburn
561,Benedict Cumberbatch
562,Anthony Hopkins
563,Akemi Darenogare
564,Bill Paxton
565,Benjamin Bratt
566,Bill Murray
567,Andy Garcia
568,Alex Pettyfer
569,Ben Stiller
570,Alex Pettyfer
571,Albert Finney
572,Anna Friel
573,Angelina Jolie
574,Bella Hadid
575,Andy Serkis
576,Amy Ryan
577,Anne Hathaway
578,Bill O Reilly
579,Amy Adams
580,Bette Midler
581,Andy Samberg
582,Andie MacDowell
583,Alicia Vikander
584,Anderson Cooper
585,Armin Mueller-Stahl
586,Alan Rickman
587,Al Roker
588,Albert Finney
589,Alec Baldwin
590,Al Roker
591,Bella Hadid
592,Adam Sandler
593,Ben Affleck
594,Ashton Kutcher
595,Adriana Lima
596,Alan Arkin
597,Antonio Banderas
598,Al Roker
599,Amanda Seyfried
600,Aaron Taylor-Johnson
601,Alan Alda
602,Anne Baxter
603,Anna Friel
604,bella thorne
605,bella thorne
606,Alessandra Ambrosio
607,Arnold Schwarzenegger
608,Akemi Darenogare
609,Anna Kendrick
610,Aaron Paul
611,Adele
612,Bill Murray
613,Beyonce Knowles
614,Anthony Perkins
615,Amber Heard
616,Alexandra Daddario
617,Berenice Bejo
618,Betty White
619,Art Carney
620,Benedict Cumberbatch
621,Amy Ryan
622,Adrien Brody
623,Bill Rancic
624,Albert Brooks
625,Anna Faris
626,Adrianne Palicki
627,Al Roker
628,Anthony Mackie
629,Audrey Hepburn
630,Annette Bening
631,Albert Brooks
632,Anthony Mackie
633,Andrew Luck
634,Adriana Lima
635,Adele
636,Alex Pettyfer
637,Audrey Tautou
638,Ashley Greene
639,Albert Finney
640,Adrien Brody
641,Bill Murray
642,Antonio Banderas
643,Andy Samberg
644,Amy Adams
645,Bill Paxton
646,Alice Eve
647,Andrew Garfield
648,Alice Eve
649,Ben Johnson
650,Ashley Judd
651,Bill Pullman
652,Ali Larter
653,Analeigh Tipton
654,Amy Adams
655,Alexander Skarsgard
656,Anna Faris
657,Antonio Banderas
658,Adriana Barraza
659,Akemi Darenogare
660,Amanda Seyfried
661,Anne Bancroft
662,Adriana Barraza
663,Anne Bancroft
664,Barbra Streisand
665,Andy Garcia
666,Bill Murray
667,Anne Baxter
668,Aaron Taylor-Johnson
669,Ben Kingsley
670,Anderson Cooper
671,Alexander Skarsgard
672,Amanda Seyfried
673,Alice Eve
674,Alan Arkin
675,Amanda Peet
676,Anthony Hopkins
677,Amanda Bynes
678,Benedict Cumberbatch
679,Amy Ryan
680,Amy Schumer
681,Adrianne Palicki
682,Ali Larter
683,Barbra Streisand
684,Ben Johnson
685,Anthony Mackie
686,Bill Murray
687,Annette Bening
688,Barbra Streisand
689,Analeigh Tipton
690,Abigail Breslin
691,Al Pacino
692,Andy Garcia
693,Andy Samberg
694,Andy Samberg
695,Anna Faris
696,Bella Hadid
697,Andrew Garfield
698,Anne Bancroft
699,AnnaSophia Robb
700,Barbra Streisand
701,Albert Brooks
702,Berenice Bejo
703,Audrey Tautou
704,Andy Samberg
705,Angelina Jolie
706,Armin Mueller-Stahl
707,Albert Brooks
708,Aaron Paul
709,Alx James
710,Alx James
711,Andie MacDowell
712,Bill Pullman
713,Adele
714,Albert Brooks
715,Bill O Reilly
716,Annette Bening
717,Anne Bancroft
718,Anthony Hopkins
719,Benjamin Bratt
720,Andrew Garfield
721,Aaron Paul
722,Anjelica Huston
723,Abigail Breslin
724,Aaron Paul
725,Arnold Schwarzenegger
726,Ben Johnson
727,Amanda Crew
728,Adele
729,Benicio Del Toro
730,Ben Affleck
731,Andreea Diaconu
732,Audrey Hepburn
733,Adriana Lima
734,Anne Hathaway
735,Alx James
736,Anna Paquin
737,Ava Gardner
738,Bill Rancic
739,Alex Pettyfer
740,Bill Murray
741,Bernie Mac
742,Amy Ryan
743,Anna Paquin
744,Alicia Vikander
745,Barbra Streisand
746,Annette Bening
747,Antonio Banderas
748,Akemi Darenogare
749,Bella Hadid
750,Akemi Darenogare
751,Anna Kendrick
752,Benedict Cumberbatch
753,Annette Bening
754,Antonio Banderas
755,Ben Foster
756,Anthony Hopkins
757,Billy Bob Thornton
758,Ben Affleck
759,Barry Pepper
760,Alan Rickman
761,Ben Johnson
762,Aaron Judge
763,Amanda Bynes
764,Anna Friel
765,Ashton Kutcher
766,Amanda Bynes
767,Barbra Streisand
768,Albert Brooks
769,Bill Paxton
770,Ali Larter
771,Ashley Greene
772,Ali Larter
773,Ashton Kutcher
774,Bella Hadid
775,Annette Bening
776,Alex Pettyfer
777,Al Roker
778,Ben Kingsley
779,Alexis Thorpe
780,Andreea Diaconu
781,Andy Serkis
782,Ava Gardner
783,Anthony Perkins
784,Amanda Peet
785,Bill Rancic
786,AnnaSophia Robb
787,bella thorne
788,Andrew Luck
789,Amy Ryan
790,Bill Murray
791,Armin Mueller-Stahl
792,Audrey Hepburn
793,Andie MacDowell
794,Ava Gardner
795,Amanda Bynes
796,Amy Ryan
797,Ben Affleck
798,Betty White
799,Betty White
800,Anna Kendrick
801,Anjelica Huston
802,Analeigh Tipton
803,Aaron Judge
804,Barabara Palvin
805,Amy Adams
806,Angela Bassett
807,Al Pacino
808,Anne Hathaway
809,Bernie Mac
810,Adrianne Palicki
811,bella thorne
812,Ben Affleck
813,Angelina Jolie
814,Anthony Perkins
815,Andy Garcia
816,Alexander Skarsgard
817,Andreea Diaconu
818,Barry Pepper
819,AnnaSophia Robb
820,Akemi Darenogare
821,Bill O Reilly
822,Anna Friel
823,Andrew Lincoln
824,Adrien Brody
825,Andy Samberg
826,Audrey Hepburn
827,Anne Baxter
828,Bette Midler
829,Ben Johnson
830,Andreea Diaconu
831,Alex Pettyfer
832,Andy Murray
833,Bill O Reilly
834,Amanda Bynes
835,Andy Murray
836,Alex Pettyfer
837,Abigail Breslin
838,Anne Baxter
839,Benjamin Bratt
840,Betty White
841,Alessandra Ambrosio
842,Andrew Luck
843,Ava Gardner
844,Andy Garcia
845,bella thorne
846,Andy Serkis
847,Barbra Streisand
848,Aaron Paul
849,Andy Garcia
850,Benicio Del Toro
851,Adrianne Palicki
852,Alicia Vikander
853,Angelina Jolie
854,Adam Sandler
855,Andy Serkis
856,Beyonce Knowles
857,Barabara Palvin
858,Benicio Del Toro
859,Bill O Reilly
860,Anne Baxter
861,Alex Pettyfer
862,Benicio Del Toro
863,Andy Garcia
864,Amy Schumer
865,Ben Stiller
866,Betty White
867,Anna Friel
868,Antonio Banderas
869,Bill Daley
870,Anjelica Huston
871,Ashley Judd
872,Albert Finney
873,Benicio Del Toro
874,Bernie Mac
875,Ben Johnson
876,Amber Heard
877,Amy Ryan
878,Amber Heard
879,Andrew Garfield
880,Anne Bancroft
881,Barbra Streisand
882,Ben Johnson
883,Alan Alda
884,Anna Faris
885,Ashley Greene
886,Anna Kendrick
887,Annette Bening
888,Benedict Cumberbatch
889,Ben Affleck
890,Alessandra Ambrosio
891,Ashton Kutcher
892,Alessandra Ambrosio
893,Barry Pepper
894,Berenice Bejo
895,Betty White
896,Andreea Diaconu
897,Abigail Breslin
898,Ava Gardner
899,Ashley Graham
900,Anna Sui
901,Bette Midler
902,Amy Ryan
903,Bernie Mac
904,Bill Pullman
905,Anna Kendrick
906,Amanda Bynes
907,Anne Baxter
908,Alx James
909,Andrew Luck
910,Al Pacino
911,Aaron Taylor-Johnson
912,Al Roker
913,Abigail Breslin
914,Audrey Tautou
915,Anna Paquin
916,Angelina Jolie
917,Ashley Judd
918,Alan Rickman
919,Amy Adams
920,Benicio Del Toro
921,Angelina Jolie
922,Anne Baxter
923,Adele
924,Art Carney
925,Alexis Thorpe
926,Anjelica Huston
927,Amanda Seyfried
928,Al Roker
929,Alan Arkin
930,Angela Bassett
931,Amy Schumer
932,Ali Larter
933,Aaron Judge
934,Anne Hathaway
935,Andie MacDowell
936,Bill Rancic
937,Bill O Reilly
938,Amanda Peet
939,Anthony Hopkins
940,Ashley Greene
941,Alec Baldwin
942,Akemi Darenogare
943,Alice Eve
944,Bill O Reilly
945,Ben Foster
946,Ashley Judd
947,Armin Mueller-Stahl
948,Adriana Barraza
949,Adriana Barraza
950,Ashley Greene
951,Alexandra Daddario
952,Ben Stiller
953,Al Pacino
954,Andy Samberg
955,Alex Pettyfer
956,Akemi Darenogare
957,Amanda Peet
958,bella thorne
959,Barry Pepper
960,Anna Faris
961,Aaron Paul
962,Alice Eve
963,Bill Murray
964,Amanda Seyfried
965,Ashley Judd
966,Amanda Seyfried
967,Albert Finney
968,Alx James
969,Anna Faris
970,Amy Schumer
971,Al Pacino
972,Amanda Peet
973,Anne Baxter
974,Adriana Barraza
975,Alice Eve
976,Adriana Lima
977,Audrey Tautou
978,Ashley Greene
979,Anna Friel
980,Anthony Hopkins
981,Alan Alda
982,Andrew Luck
983,Anna Friel
984,Ben Foster
985,Analeigh Tipton
986,Alx James
987,Anthony Mackie
988,Anna Friel
989,Al Pacino
990,Barabara Palvin
991,Anne Bancroft
992,Ashley Judd
993,Alexis Thorpe
994,Adrianne Palicki
995,Alicia Vikander
996,Andrew Luck
997,Alx James
998,Ben Affleck
999,Amber Heard
1000,Andy Samberg
1001,Benjamin Bratt
1002,Annette Bening
1003,Benjamin Bratt
1004,Barbra Streisand
1005,Anthony Perkins
1006,Anna Faris
1007,Amy Schumer
1008,Bill Hader
1009,Anna Kendrick
1010,Alan Alda
1011,Alessandra Ambrosio
1012,Adrianne Palicki
1013,Ben Johnson
1014,Berenice Bejo
1015,Berenice Bejo
1016,Ashton Kutcher
1017,Akemi Darenogare
1018,Bill Paxton
1019,Adriana Lima
1020,Alessandra Ambrosio
1021,Benicio Del Toro
1022,Anderson Cooper
1023,Anthony Mackie
1024,Al Pacino
1025,Andy Garcia
1026,Aaron Judge
1027,Anthony Hopkins
1028,Betty White
1029,Bill Rancic
1030,Abigail Breslin
1031,Angelina Jolie
1032,Adriana Lima
1033,Benedict Cumberbatch
1034,Anne Hathaway
1035,Amanda Crew
1036,Ava Gardner
1037,Analeigh Tipton
1038,Amy Ryan
1039,Anjelica Huston
1040,Andy Samberg
1041,Amy Adams
1042,Bill Murray
1043,Andie MacDowell
1044,bella thorne
1045,Anne Hathaway
1046,Alexandra Daddario
1047,Anne Hathaway
1048,Bette Midler
1049,Amanda Peet
1050,Adriana Lima
1051,Angelina Jolie
1052,Amanda Seyfried
1053,Aaron Judge
1054,Amanda Peet
1055,Al Pacino
1056,Ben Stiller
1057,Ashton Kutcher
1058,Ben Affleck
1059,Barbra Streisand
1060,Aaron Paul
1061,Betty White
1062,Ashton Kutcher
1063,Benjamin Bratt
1064,Ali Larter
1065,Betty White
1066,Benicio Del Toro
1067,Bette Midler
1068,Alexander Skarsgard
1069,Anne Bancroft
1070,Ava Gardner
1071,Adrianne Palicki
1072,Arnold Schwarzenegger
1073,Anne Hathaway
1074,Aaron Taylor-Johnson
1075,Anna Sui
1076,Alexandra Daddario
1077,Alessandra Ambrosio
1078,Ben Stiller
1079,Ashton Kutcher
1080,Alexandra Daddario
1081,Ashley Graham
1082,Amanda Peet
1083,Anthony Hopkins
1084,Ashley Judd
1085,Analeigh Tipton
1086,Amanda Seyfried
1087,Anna Paquin
1088,Abigail Breslin
1089,Adriana Barraza
1090,Bill Pullman
1091,Arnold Schwarzenegger
1092,Barbra Streisand
1093,Bill Daley
1094,Barabara Palvin
1095,Anthony Perkins
1096,Aaron Paul
1097,Ben Johnson
1098,Anne Bancroft
1099,Alec Baldwin
1100,Billy Bob Thornton
1101,Betty White
1102,Billy Bob Thornton
1103,Andy Murray
1104,Bill Pullman
1105,bella thorne
1106,Alan Arkin
1107,Ashton Kutcher
1108,Andie MacDowell
1109,Aaron Taylor-Johnson
1110,Akemi Darenogare
1111,Benicio Del Toro
1112,Ashley Greene
1113,Alessandra Ambrosio
1114,Amanda Peet
1115,Ben Johnson
1116,Anne Baxter
1117,Anna Friel
1118,Bernie Mac
1119,Alicia Vikander
1120,Anne Baxter
1121,Anne Baxter
1122,Amanda Peet
1123,Alessandra Ambrosio
1124,Ben Foster
1125,Amanda Seyfried
1126,Anne Baxter
1127,Amanda Bynes
1128,Al Roker
1129,Bernie Mac
1130,Anthony Mackie
1131,Bill Daley
1132,Andy Serkis
1133,Amanda Peet
1134,Anne Hathaway
1135,Adele
1136,Billy Bob Thornton
1137,Bill Rancic
1138,Ben Foster
1139,Amanda Bynes
1140,Anna Kendrick
1141,Anna Faris
1142,Anthony Perkins
1143,Analeigh Tipton
1144,Billy Bob Thornton
1145,Ashley Greene
1146,Ashley Greene
1147,Alexandra Daddario
1148,Aaron Taylor-Johnson
1149,Arnold Schwarzenegger
1150,Al Pacino
1151,Ava Gardner
1152,Anna Faris
1153,Audrey Hepburn
1154,Anna Sui
1155,Alan Rickman
1156,Andy Samberg
1157,Ben Johnson
1158,Anne Hathaway
1159,Bernie Mac
1160,Andy Murray
1161,Bette Midler
1162,Bernie Mac
1163,Andy Samberg
1164,Audrey Hepburn
1165,Adriana Barraza
1166,Adriana Barraza
1167,Amy Adams
1168,Andy Samberg
1169,Barabara Palvin
1170,Ben Foster
1171,Ben Kingsley
1172,Anne Baxter
1173,Betty White
1174,Adam Sandler
1175,Anne Hathaway
1176,Anna Sui
1177,Billy Bob Thornton
1178,Anne Baxter
1179,Audrey Tautou
1180,Adriana Lima
1181,Alan Arkin
1182,Al Roker
1183,Bill Murray
1184,Bella Hadid
1185,Ben Johnson
1186,Bill Pullman
1187,Aaron Judge
1188,Amanda Peet
1189,Anne Hathaway
1190,Alicia Vikander
1191,Billy Bob Thornton
1192,Billy Bob Thornton
1193,Andy Samberg
1194,Amber Heard
1195,Anna Friel
1196,Analeigh Tipton
1197,Alice Eve
1198,Alessandra Ambrosio
1199,Albert Brooks
1200,Amanda Bynes
1201,Anna Faris
1202,Alan Rickman
1203,Andreea Diaconu
1204,Barbra Streisand
1205,Ben Affleck
1206,Alexandra Daddario
1207,Bill Pullman
1208,Amy Schumer
1209,Analeigh Tipton
1210,Alec Baldwin
1211,Ben Stiller
1212,Ben Foster
1213,Aaron Paul
1214,Art Carney
1215,Ashley Graham
1216,Bill O Reilly
1217,Amy Schumer
1218,Ava Gardner
1219,Amber Heard
1220,Angelina Jolie
1221,Angela Bassett
1222,Andy Serkis
1223,Anna Friel
1224,Barbra Streisand
1225,Bette Midler
1226,Albert Finney
1227,Barbra Streisand
1228,Anthony Perkins
1229,Barry Pepper
1230,Bill Rancic
1231,Bill Murray
1232,Abigail Breslin
1233,Anne Bancroft
1234,Ashley Graham
1235,Aaron Judge
1236,Amy Schumer
1237,Amanda Crew
1238,Annette Bening
1239,Andie MacDowell
1240,Bill O Reilly
1241,Benicio Del Toro
1242,Audrey Tautou
1243,Alx James
1244,Bill Murray
1245,Bill Hader
1246,AnnaSophia Robb
1247,Aaron Judge
1248,Anjelica Huston
1249,Abigail Breslin
1250,Barry Pepper
1251,Audrey Tautou
1252,Barbra Streisand
1253,Billy Bob Thornton
1254,Amanda Peet
1255,Alex Pettyfer
1256,Andrew Luck
1257,Angelina Jolie
1258,Alexis Thorpe
1259,Angela Bassett
1260,Bernie Mac
1261,Andy Garcia
1262,Barry Pepper
1263,Anthony Hopkins
1264,Anthony Mackie
1265,Ashton Kutcher
1266,Anne Hathaway
1267,Ashton Kutcher
1268,Andreea Diaconu
1269,Betty White
1270,Amy Schumer
1271,Andy Garcia
1272,Art Carney
1273,Alessandra Ambrosio
1274,Al Roker
1275,Bette Midler
1276,Amy Schumer
1277,Abigail Breslin
1278,Anna Sui
1279,Adam Sandler
1280,Adriana Barraza
1281,Anne Hathaway
1282,Analeigh Tipton
1283,Bill Murray
1284,Ashley Graham
1285,Alx James
1286,Amy Adams
1287,Berenice Bejo
1288,Audrey Hepburn
1289,Adriana Barraza
1290,Alan Arkin
1291,Billy Bob Thornton
1292,Arnold Schwarzenegger
1293,Bella Hadid
1294,Bill Daley
1295,Andie MacDowell
1296,Ashley Graham
1297,Art Carney
1298,Andrew Lincoln
1299,Ben Foster
1300,Angelina Jolie
1301,Anna Faris
1302,Audrey Tautou
1303,Albert Finney
1304,Anne Baxter
1305,Adele
1306,Barry Pepper
1307,Anna Faris
1308,Anna Faris
1309,Barabara Palvin
1310,Amanda Bynes
1311,Bill Hader
1312,Andy Murray
1313,Berenice Bejo
1314,Aaron Paul
1315,Adele
1316,Bill Daley
1317,Amy Adams
1318,Albert Finney
1319,Audrey Tautou
1320,Audrey Tautou
1321,Andrew Luck
1322,Barbra Streisand
1323,Bill Murray
1324,Bill Murray
1325,Alan Alda
1326,Barbra Streisand
1327,bella thorne
1328,Andy Murray
1329,Bill Pullman
1330,Andy Murray
1331,Amy Adams
1332,Aaron Taylor-Johnson
1333,Anthony Perkins
1334,Ben Foster
1335,Alan Arkin
1336,Anna Faris
1337,AnnaSophia Robb
1338,AnnaSophia Robb
1339,Anna Friel
1340,Andie MacDowell
1341,Alexandra Daddario
1342,Aaron Taylor-Johnson
1343,Bill Rancic
1344,Anna Kendrick
1345,Andy Serkis
1346,Betty White
1347,Andy Garcia
1348,Ben Stiller
1349,Bella Hadid
1350,Bill Hader
1351,Anne Hathaway
1352,Betty White
1353,Benicio Del Toro
1354,Alexander Skarsgard
1355,Anthony Perkins
1356,Betty White
1357,Ava Gardner
1358,Alessandra Ambrosio
1359,Aaron Judge
1360,Anne Baxter
1361,Arnold Schwarzenegger
1362,Andrew Luck
1363,Adrianne Palicki
1364,Al Roker
1365,Ashley Greene
1366,Angela Bassett
1367,Ashley Graham
1368,Audrey Tautou
1369,Analeigh Tipton
1370,Anna Kendrick
1371,Amy Adams
1372,Anjelica Huston
1373,Annette Bening
1374,Aaron Judge
1375,Angelina Jolie
1376,Ben Johnson
1377,Ben Kingsley
1378,Alice Eve
1379,Anne Baxter
1380,Bernie Mac
1381,Andy Garcia
1382,Bill Murray
1383,AnnaSophia Robb
1384,Amber Heard
1385,Barabara Palvin
1386,Amber Heard
1387,Andie MacDowell
1388,Anna Faris
1389,Anderson Cooper
1390,Ben Johnson
1391,Adrien Brody
1392,Andy Murray
1393,Bill Paxton
1394,Abigail Breslin
1395,Amanda Peet
1396,Bill Hader
1397,Anne Baxter
1398,Bill Rancic
1399,Ben Foster
1400,Betty White
1401,Ashley Graham
1402,Ava Gardner
1403,Albert Brooks
1404,Alice Eve
1405,Amanda Bynes
1406,Arnold Schwarzenegger
1407,Aaron Taylor-Johnson
1408,Bill Murray
1409,Alexis Thorpe
1410,Andy Garcia
1411,Bill Pullman
1412,Andrew Garfield
1413,Anthony Hopkins
1414,Andrew Garfield
1415,Adrianne Palicki
1416,Bella Hadid
1417,Andy Serkis
1418,Adrien Brody
1419,Benedict Cumberbatch
1420,Adam Sandler
1421,Alan Arkin
1422,Anne Baxter
1423,Ben Stiller
1424,Bill Rancic
1425,Ben Affleck
1426,Andie MacDowell
1427,Angelina Jolie
1428,Ben Stiller
1429,Anjelica Huston
1430,Analeigh Tipton
1431,Anthony Hopkins
1432,Angelina Jolie
1433,Alicia Vikander
1434,Andy Samberg
1435,Alex Pettyfer
1436,Benjamin Bratt
1437,Bella Hadid
1438,Andrew Garfield
1439,Bill Hader
1440,Ashley Greene
1441,Bette Midler
1442,Benicio Del Toro
1443,Ben Stiller
1444,Bill Pullman
1445,Benicio Del Toro
1446,Amanda Bynes
1447,Adriana Lima
1448,Andy Garcia
1449,Alex Pettyfer
1450,Amy Schumer
1451,Arnold Schwarzenegger
1452,Andreea Diaconu
1453,Adrianne Palicki
1454,Andy Serkis
1455,Alex Pettyfer
1456,Alexis Thorpe
1457,Bill Rancic
1458,Andrew Luck
1459,Bernie Mac
1460,Aaron Paul
1461,Anthony Hopkins
1462,Alexis Thorpe
1463,Adriana Lima
1464,Bill Rancic
1465,Bette Midler
1466,Al Pacino
1467,Benjamin Bratt
1468,Aaron Taylor-Johnson
1469,Armin Mueller-Stahl
1470,Amanda Crew
1471,Alice Eve
1472,Bette Midler
1473,Anna Paquin
1474,Abigail Breslin
1475,Adrianne Palicki
1476,Bella Hadid
1477,Alexander Skarsgard
1478,Bella Hadid
1479,Alice Eve
1480,Albert Brooks
1481,Andreea Diaconu
1482,Abigail Breslin
1483,Andy Serkis
1484,Alessandra Ambrosio
1485,Al Pacino
1486,Alx James
1487,Bill Murray
1488,Beyonce Knowles
1489,Benicio Del Toro
1490,Andy Murray
1491,Alan Arkin
1492,Benedict Cumberbatch
1493,Adrianne Palicki
1494,Adrianne Palicki
1495,Alex Pettyfer
1496,Anna Faris
1497,Angela Bassett
1498,Alexandra Daddario
1499,Andy Murray
1500,Bernie Mac
1501,Alexander Skarsgard
1502,Armin Mueller-Stahl
1503,Anne Bancroft
1504,Ben Stiller
1505,Bernie Mac
1506,Alx James
1507,Angelina Jolie
1508,Anna Sui
1509,Anjelica Huston
1510,Andy Samberg
1511,Benicio Del Toro
1512,Ben Johnson
1513,Berenice Bejo
1514,Angelina Jolie
1515,Barabara Palvin
1516,Bill Daley
1517,Antonio Banderas
1518,Audrey Tautou
1519,Bill Hader
1520,Bill Paxton
1521,Bill Hader
1522,Andrew Lincoln
1523,Alexis Thorpe
1524,Aaron Taylor-Johnson
1525,Aaron Judge
1526,Alice Eve
1527,Alan Arkin
1528,Ben Kingsley
1529,Benedict Cumberbatch
1530,Ashley Graham
1531,Benjamin Bratt
1532,Adrianne Palicki
1533,Andreea Diaconu
1534,Ashton Kutcher
1535,Ashley Judd
1536,Analeigh Tipton
1537,Alex Pettyfer
1538,Anna Sui
1539,Bill Rancic
1540,Alan Alda
1541,Anne Hathaway
1542,Bill Pullman
1543,Ben Stiller
1544,Alexandra Daddario
1545,Arnold Schwarzenegger
1546,Abigail Breslin
1547,Barbra Streisand
1548,Andy Murray
1549,Amber Heard
1550,Angelina Jolie
1551,Bill Rancic
1552,Ben Affleck
1553,Andy Samberg
1554,Ashton Kutcher
1555,Alex Pettyfer
1556,Audrey Tautou
1557,Angela Bassett
1558,Andreea Diaconu
1559,Ashley Greene
1560,Adriana Barraza
1561,AnnaSophia Robb
1562,Amy Adams
1563,Billy Bob Thornton
1564,Armin Mueller-Stahl
1565,Alex Pettyfer
1566,Ashley Graham
1567,Andy Serkis
1568,Amanda Crew
1569,Bill Rancic
1570,Ashley Judd
1571,Anderson Cooper
1572,Amy Ryan
1573,Ben Stiller
1574,Andrew Lincoln
1575,Aaron Judge
1576,Amy Ryan
1577,Ben Stiller
1578,Ashley Greene
1579,Ben Stiller
1580,Adrien Brody
1581,Alan Rickman
1582,Bill Pullman
1583,Amanda Seyfried
1584,Alan Rickman
1585,Ali Larter
1586,Bill Hader
1587,Andy Murray
1588,Adam Sandler
1589,Barabara Palvin
1590,Angelina Jolie
1591,Anna Faris
1592,Beyonce Knowles
1593,Ava Gardner
1594,Alan Rickman
1595,Ben Foster
1596,Albert Finney
1597,Alan Arkin
1598,Aaron Judge
1599,Amanda Bynes
1600,Anthony Mackie
1601,Billy Bob Thornton
1602,Anne Hathaway
1603,Albert Brooks
1604,Anna Kendrick
1605,Andrew Lincoln
1606,Bill Pullman
1607,Bill Pullman
1608,Ben Kingsley
1609,Abigail Breslin
1610,Anderson Cooper
1611,Annette Bening
1612,Anthony Hopkins
1613,Alan Rickman
1614,Ashley Graham
1615,Al Roker
1616,Alex Pettyfer
1617,Benicio Del Toro
1618,Alexander Skarsgard
1619,Antonio Banderas
1620,Angela Bassett
1621,Adam Sandler
1622,Audrey Hepburn
1623,Anjelica Huston
1624,Billy Bob Thornton
1625,Adele
1626,Anderson Cooper
1627,Adrien Brody
1628,Barabara Palvin
1629,Annette Bening
1630,Andy Serkis
1631,Antonio Banderas
1632,Amber Heard
1633,Andrew Lincoln
1634,Alice Eve
1635,Anna Paquin
1636,Anthony Hopkins
1637,Arnold Schwarzenegger
1638,Alexander Skarsgard
1639,Alan Rickman
1640,Anderson Cooper
1641,Bill Rancic
1642,Anna Friel
1643,Bill Rancic
1644,Beyonce Knowles
1645,Art Carney
1646,Anthony Mackie
1647,Angela Bassett
1648,Bill O Reilly
1649,Ashley Graham
1650,Anna Paquin
1651,Albert Brooks
1652,Anne Baxter
1653,Akemi Darenogare
1654,Ben Kingsley
1655,Benedict Cumberbatch
1656,Andy Garcia
1657,Benedict Cumberbatch
1658,Bella Hadid
1659,Antonio Banderas
1660,Andrew Lincoln
1661,Bill Hader
1662,Amy Adams
1663,Anthony Perkins
1664,Andrew Lincoln
1665,Ben Foster
1666,Ben Foster
1667,Al Roker
1668,Amanda Peet
1669,Andy Serkis
1670,Arnold Schwarzenegger
1671,Beyonce Knowles
1672,Armin Mueller-Stahl
1673,Alan Alda
1674,Berenice Bejo
1675,Adriana Lima
1676,Andrew Lincoln
1677,Anna Kendrick
1678,Anne Bancroft
1679,Anna Kendrick
1680,Ben Stiller
1681,Ben Stiller
1682,Akemi Darenogare
1683,Adele
1684,Anna Friel
1685,Bill O Reilly
1686,Beyonce Knowles
1687,Anna Friel
1688,Aaron Taylor-Johnson
1689,Ben Stiller
1690,Alan Rickman
1691,Anna Kendrick
1692,Anthony Mackie
1693,Benjamin Bratt
1694,Angela Bassett
1695,Andy Murray
1696,Anthony Hopkins
1697,Alan Alda
1698,Ben Affleck
1699,Analeigh Tipton
1700,Alan Rickman
1701,Antonio Banderas
1702,Amy Schumer
1703,Andrew Garfield
1704,Alicia Vikander
1705,Albert Finney
1706,Audrey Tautou
1707,Barry Pepper
1708,Akemi Darenogare
1709,Adrien Brody
1710,Amber Heard
1711,Anna Paquin
1712,Bill O Reilly
1713,Amy Adams
1714,Angela Bassett
1715,Adam Sandler
1716,Bill O Reilly
1717,Anderson Cooper
1718,Benjamin Bratt
1719,Alexander Skarsgard
1720,Bill Pullman
1721,Amanda Bynes
1722,Audrey Tautou
1723,Anthony Hopkins
1724,Alx James
1725,Andrew Lincoln
1726,Bella Hadid
1727,Alex Pettyfer
1728,Ali Larter
1729,Bette Midler
1730,Abigail Breslin
1731,Amy Ryan
1732,Alan Arkin
1733,Antonio Banderas
1734,Barbra Streisand
1735,Andreea Diaconu
1736,Amanda Peet
1737,Angela Bassett
1738,Amy Ryan
1739,Adrianne Palicki
1740,Ben Kingsley
1741,Benjamin Bratt
1742,Anthony Mackie
1743,Aaron Taylor-Johnson
1744,Amanda Bynes
1745,Amy Ryan
1746,Ashley Judd
1747,Amanda Crew
1748,Bernie Mac
1749,Adriana Lima
1750,Ashton Kutcher
1751,Adam Sandler
1752,Alexis Thorpe
1753,Amber Heard
1754,Alexander Skarsgard
1755,Anna Sui
1756,Aaron Paul
1757,Alexandra Daddario
1758,Ashton Kutcher
1759,Ben Stiller
1760,Betty White
1761,Albert Finney
1762,AnnaSophia Robb
1763,Andrew Garfield
1764,Alexander Skarsgard
1765,Analeigh Tipton
1766,Ben Kingsley
1767,Al Pacino
1768,bella thorne
1769,Bill Paxton
1770,Andie MacDowell
1771,Ben Stiller
1772,Andrew Garfield
1773,Alan Alda
1774,Ashley Greene
1775,Billy Bob Thornton
1776,Aaron Taylor-Johnson
1777,Al Pacino
1778,Armin Mueller-Stahl
1779,Annette Bening
1780,Anderson Cooper
1781,Billy Bob Thornton
1782,Alx James
1783,Andreea Diaconu
1784,Anne Hathaway
1785,Analeigh Tipton
1786,Anna Paquin
1787,Ben Foster
1788,Ali Larter
1789,Benedict Cumberbatch
1790,Arnold Schwarzenegger
1791,Andie MacDowell
1792,Bill Rancic
1793,Bernie Mac
1794,Bernie Mac
1795,Adriana Barraza
1796,Angelina Jolie
1797,Andrew Lincoln
1798,Amanda Peet
1799,Anna Sui
1800,Bill Paxton
1801,Ali Larter
1802,Alicia Vikander
1803,Benjamin Bratt
1804,Alex Pettyfer
1805,Adriana Lima
1806,Ben Stiller
1807,Benjamin Bratt
1808,Audrey Hepburn
1809,Barry Pepper
1810,Art Carney
1811,Amy Adams
1812,Andy Murray
1813,Audrey Tautou
1814,Alessandra Ambrosio
1815,Beyonce Knowles
1816,Alx James
1817,Albert Brooks
1818,Billy Bob Thornton
1819,Akemi Darenogare
1820,Ben Affleck
1821,Billy Bob Thornton
1822,Betty White
1823,Anne Hathaway
1824,Adriana Barraza
1825,AnnaSophia Robb
1826,Andy Serkis
1827,Alexander Skarsgard
1828,Arnold Schwarzenegger
1829,Anthony Hopkins
1830,Betty White
1831,Anjelica Huston
1832,Bella Hadid
1833,Bill Murray
1834,Andy Murray
1835,Ben Kingsley
1836,Angela Bassett
1837,Ben Foster
1838,Andy Samberg
1839,Akemi Darenogare
1840,Angela Bassett
1841,Andrew Luck
1842,Billy Bob Thornton
1843,Amy Schumer
1844,Bill Rancic
1845,Bill O Reilly
1846,Andie MacDowell
1847,Billy Bob Thornton
1848,Art Carney
1849,Alexander Skarsgard
1850,Alexandra Daddario
1851,Al Pacino
1852,Bill Paxton
1853,Andy Garcia
1854,Bill Paxton
1855,Bette Midler
1856,Akemi Darenogare
1857,Adriana Lima
1858,Ashton Kutcher
1859,Armin Mueller-Stahl
1860,Albert Brooks
1861,Ben Johnson
1862,Ben Affleck
1863,Alessandra Ambrosio
1864,Anthony Hopkins
1865,Art Carney
1866,Al Pacino
1867,Art Carney
1868,Alicia Vikander
1869,Bernie Mac
1870,Armin Mueller-Stahl
1871,Alex Pettyfer
1872,Aaron Paul
1873,Audrey Hepburn
1874,Anne Hathaway
1875,Adriana Barraza
1876,Audrey Tautou
1877,Ben Kingsley
1878,Alessandra Ambrosio
1879,Amber Heard
1880,Alan Alda
1881,Amy Ryan
1882,Audrey Hepburn
1883,Andy Murray
1884,Bill Rancic
1885,Andrew Luck
1886,Barabara Palvin
1887,Alx James
1888,Ali Larter
1889,Adriana Barraza
1890,Adriana Lima
1891,Andie MacDowell
1892,Ben Kingsley
1893,Anthony Mackie
1894,Amanda Crew
1895,bella thorne
1896,Billy Bob Thornton
1897,Andy Murray
1898,Amy Ryan
1899,Alexandra Daddario
1900,Alex Pettyfer
1901,Audrey Hepburn
1902,Bill Hader
1903,Amanda Seyfried
1904,Amy Adams
1905,Ashton Kutcher
1906,Amanda Crew
1907,Bella Hadid
1908,Bill Rancic
1909,Amy Ryan
1910,Ben Foster
1911,Analeigh Tipton
1912,Benedict Cumberbatch
1913,Alan Rickman
1914,Adriana Barraza
1915,Anne Hathaway
1916,Arnold Schwarzenegger
1917,Amber Heard
1918,Amy Ryan
1919,Andy Samberg
1920,Anna Kendrick
1921,Anna Faris
1922,Armin Mueller-Stahl
1923,AnnaSophia Robb
1924,Alan Rickman
1925,Bill Paxton
1926,Ben Kingsley
1927,Anna Paquin
1928,Aaron Paul
1929,Ben Johnson
1930,Anna Friel
1931,Alan Alda
1932,bella thorne
1933,Anna Kendrick
1934,Betty White
1935,Anna Kendrick
1936,Anthony Hopkins
1937,Alicia Vikander
1938,Benjamin Bratt
1939,Anna Paquin
1940,Anna Friel
1941,Armin Mueller-Stahl
1942,Amanda Peet
1943,Amy Ryan
1944,Beyonce Knowles
1945,Amber Heard
1946,Andrew Lincoln
1947,Aaron Paul
1948,Bill Pullman
1949,Andie MacDowell
1950,Bill O Reilly
1951,Alan Alda
1952,Amy Schumer
1953,Adam Sandler
1954,AnnaSophia Robb
1955,Andrew Garfield
1956,Adam Sandler
1957,Anna Kendrick
1958,Betty White
1959,Abigail Breslin
1960,Aaron Taylor-Johnson
1961,Anna Faris
1962,Audrey Hepburn
1963,Alicia Vikander
1964,Anna Kendrick
1965,Andy Garcia
1966,Ali Larter
1967,Ben Kingsley
1968,Bette Midler
1969,Audrey Tautou
1970,Barbra Streisand
1971,Barabara Palvin
1972,Angelina Jolie
1973,Amy Schumer
1974,Andy Samberg
1975,Alec Baldwin
1976,Ashton Kutcher
1977,Bette Midler
1978,Antonio Banderas
1979,Benedict Cumberbatch
1980,Angela Bassett
1981,Anjelica Huston
1982,Alex Pettyfer
1983,Anna Friel
1984,Bill Murray
1985,Adriana Barraza
1986,Amanda Peet
1987,Amy Adams
1988,Ashton Kutcher
1989,Amber Heard
1990,Anne Bancroft
1991,Anthony Perkins
1992,Ben Foster
1993,Armin Mueller-Stahl
1994,Anne Bancroft
1995,Ali Larter
1996,Anna Sui
1997,Adele
1998,Bill Murray
1999,Benedict Cumberbatch
2000,Andreea Diaconu
2001,Benjamin Bratt
2002,Barabara Palvin
2003,Ali Larter
2004,Andy Serkis
2005,Ben Kingsley
2006,Alx James
2007,Benjamin Bratt
2008,Barry Pepper
2009,Beyonce Knowles
2010,Barry Pepper
2011,Adriana Barraza
2012,Anthony Hopkins
2013,Angelina Jolie
2014,Akemi Darenogare
2015,Alan Arkin
2016,Annette Bening
2017,Albert Brooks
2018,Alicia Vikander
2019,Angela Bassett
2020,AnnaSophia Robb
2021,Bill Murray
2022,Bette Midler
2023,Al Pacino
2024,Anne Bancroft
2025,Bernie Mac
2026,Anna Friel
2027,Anne Baxter
2028,Anjelica Huston
2029,Beyonce Knowles
2030,Amanda Seyfried
2031,Amy Adams
2032,Adrianne Palicki
2033,Amy Adams
2034,Bill O Reilly
2035,Bill Pullman
2036,Ben Stiller
2037,Audrey Tautou
2038,Betty White
2039,Billy Bob Thornton
2040,Betty White
2041,Adrianne Palicki
2042,Ashton Kutcher
2043,bella thorne
2044,Anjelica Huston
2045,Amanda Peet
2046,Alexandra Daddario
2047,Audrey Tautou
2048,Adrien Brody
2049,Alec Baldwin
2050,Armin Mueller-Stahl
2051,Analeigh Tipton
2052,Alx James
2053,Ashley Graham
2054,Anne Baxter
2055,Bill Daley
2056,AnnaSophia Robb
2057,Andy Samberg
2058,Bill Pullman
2059,Alexis Thorpe
2060,bella thorne
2061,Amanda Crew
2062,Art Carney
2063,Andreea Diaconu
2064,Amy Ryan
2065,Alexander Skarsgard
2066,Beyonce Knowles
2067,bella thorne
2068,Adam Sandler
2069,Amanda Crew
2070,Andie MacDowell
2071,Bernie Mac
2072,Andie MacDowell
2073,Anna Paquin
2074,Angela Bassett
2075,Bill Daley
2076,Adele
2077,Bill Murray
2078,Anne Baxter
2079,Ben Affleck
2080,Alexis Thorpe
2081,Al Pacino
2082,Angela Bassett
2083,Bill Murray
2084,Ben Foster
2085,Andy Garcia
2086,Ashley Graham
2087,Andy Garcia
2088,Ashley Graham
2089,Alexander Skarsgard
2090,Anna Paquin
2091,Aaron Judge
2092,Barry Pepper
2093,Amber Heard
2094,Bill O Reilly
2095,Bill O Reilly
2096,Angela Bassett
2097,Anna Faris
2098,Antonio Banderas
2099,Anthony Perkins
2100,Adrianne Palicki
2101,Anne Bancroft
2102,Anthony Perkins
2103,Andie MacDowell
2104,Amanda Crew
2105,Anna Kendrick
2106,Bernie Mac
2107,Angela Bassett
2108,Amanda Bynes
2109,Audrey Tautou
2110,Andreea Diaconu
2111,Billy Bob Thornton
2112,AnnaSophia Robb
2113,Audrey Tautou
2114,Anthony Perkins
2115,Ben Johnson
2116,Bill Hader
2117,Adam Sandler
2118,Aaron Taylor-Johnson
2119,Amber Heard
2120,Amanda Seyfried
2121,Arnold Schwarzenegger
2122,Benedict Cumberbatch
2123,Andy Murray
2124,Benicio Del Toro
2125,Alessandra Ambrosio
2126,Aaron Judge
2127,Bill Rancic
2128,Anjelica Huston
2129,Arnold Schwarzenegger
2130,Albert Finney
2131,Benicio Del Toro
2132,Annette Bening
2133,Andrew Lincoln
2134,Anne Baxter
2135,Albert Finney
2136,Antonio Banderas
2137,Ben Foster
2138,Bill Paxton
2139,Arnold Schwarzenegger
2140,Aaron Paul
2141,Bill Daley
2142,Andy Garcia
2143,Amanda Bynes
2144,Ben Affleck
2145,Aaron Paul
2146,Anna Kendrick
2147,Anne Hathaway
2148,Bernie Mac
2149,Barbra Streisand
2150,Alicia Vikander
2151,Arnold Schwarzenegger
2152,Adrien Brody
2153,Andy Serkis
2154,Adrianne Palicki
2155,Berenice Bejo
2156,Barbra Streisand
2157,Anna Paquin
2158,Ashley Greene
2159,Bill Murray
2160,Ali Larter
2161,Amy Schumer
2162,Al Pacino
2163,Bill Daley
2164,Alan Alda
2165,Adrianne Palicki
2166,Audrey Hepburn
2167,Analeigh Tipton
2168,Bill Hader
2169,Alec Baldwin
2170,Andy Murray
2171,Anjelica Huston
2172,Amy Schumer
2173,Albert Brooks
2174,Bill O Reilly
2175,Alec Baldwin
2176,Analeigh Tipton
2177,Ashley Judd
2178,Arnold Schwarzenegger
2179,Ben Stiller
2180,Billy Bob Thornton
2181,Abigail Breslin
2182,Alan Arkin
2183,Barry Pepper
2184,Barabara Palvin
2185,Bill Rancic
2186,Alice Eve
2187,Bette Midler
2188,Adele
2189,Anthony Hopkins
2190,Angelina Jolie
2191,Amanda Peet
2192,Antonio Banderas
2193,Bill Paxton
2194,Alessandra Ambrosio
2195,Ali Larter
2196,Albert Finney
2197,Antonio Banderas
2198,Analeigh Tipton
2199,Ava Gardner
2200,Amy Ryan
2201,Angelina Jolie
2202,Akemi Darenogare
2203,Angela Bassett
2204,Angelina Jolie
2205,Amanda Crew
2206,Anne Hathaway
2207,Anne Hathaway
2208,Bernie Mac
2209,Alan Arkin
2210,Bill O Reilly
2211,Armin Mueller-Stahl
2212,Ashley Greene
2213,AnnaSophia Robb
2214,Andrew Garfield
2215,Abigail Breslin
2216,Anna Paquin
2217,Bernie Mac
2218,Bill Paxton
2219,Ashley Graham
2220,Audrey Tautou
2221,Andrew Lincoln
2222,Bette Midler
2223,Adriana Barraza
2224,Ashton Kutcher
2225,Alx James
2226,Andrew Luck
2227,Annette Bening
2228,Andrew Lincoln
2229,Andrew Luck
2230,Andrew Garfield
2231,Al Pacino
2232,Barry Pepper
2233,Alessandra Ambrosio
2234,Anthony Perkins
2235,Angelina Jolie
2236,Ava Gardner
2237,Andy Serkis
2238,Audrey Hepburn
2239,Alan Arkin
2240,Adriana Barraza
2241,Anna Faris
2242,Billy Bob Thornton
2243,Annette Bening
2244,Ben Kingsley
2245,Ben Kingsley
2246,Audrey Hepburn
2247,Adele
2248,Benicio Del Toro
2249,Andrew Luck
2250,Ashley Graham
2251,Al Roker
2252,Anne Hathaway
2253,Adam Sandler
2254,Albert Finney
2255,Bill Rancic
2256,Andreea Diaconu
2257,Andy Samberg
2258,Anthony Mackie
2259,Barabara Palvin
2260,Anna Kendrick
2261,Barry Pepper
2262,Alexis Thorpe
2263,Bill Hader
2264,Ashley Judd
2265,Alexis Thorpe
2266,Amber Heard
2267,Ben Affleck
2268,Arnold Schwarzenegger
2269,Annette Bening
2270,Al Pacino
2271,Analeigh Tipton
2272,Amy Adams
2273,Alan Rickman
2274,Bernie Mac
2275,Alexandra Daddario
2276,Alexis Thorpe
2277,Adele
2278,Ashley Graham
2279,Albert Finney
2280,Armin Mueller-Stahl
2281,Bill Hader
2282,Adam Sandler
2283,Adam Sandler
2284,Bill Daley
2285,Anthony Hopkins
2286,Ava Gardner
2287,Antonio Banderas
2288,Barabara Palvin
2289,Aaron Judge
2290,Ben Foster
2291,Amanda Bynes
2292,Analeigh Tipton
2293,Ali Larter
2294,Andreea Diaconu
2295,Barry Pepper
2296,Billy Bob Thornton
2297,Amanda Seyfried
2298,Bernie Mac
2299,Ashley Judd
2300,Art Carney
2301,Bill Murray
2302,Aaron Paul
2303,Alexandra Daddario
2304,Ben Kingsley
2305,Alexandra Daddario
2306,Ashley Greene
2307,Arnold Schwarzenegger
2308,Alice Eve
2309,Alessandra Ambrosio
2310,Bella Hadid
2311,Adriana Lima
2312,Ben Johnson
2313,Annette Bening
2314,Alexis Thorpe
2315,Aaron Judge
2316,Amanda Seyfried
2317,Abigail Breslin
2318,Annette Bening
2319,Anna Faris
2320,Amy Ryan
2321,Adriana Barraza
2322,Al Pacino
2323,Bill Pullman
2324,Amy Schumer
2325,Bette Midler
2326,Anne Baxter
2327,Barry Pepper
2328,Andy Serkis
2329,Adele
2330,Betty White
2331,Arnold Schwarzenegger
2332,Alexandra Daddario
2333,Ashton Kutcher
2334,Angela Bassett
2335,Angela Bassett
2336,Abigail Breslin
2337,Anne Hathaway
2338,Beyonce Knowles
2339,Anthony Mackie
2340,Alicia Vikander
2341,bella thorne
2342,Ben Johnson
2343,Al Pacino
2344,Alexander Skarsgard
2345,Ashton Kutcher
2346,Antonio Banderas
2347,Ben Johnson
2348,Annette Bening
2349,Ava Gardner
2350,Andie MacDowell
2351,Adrianne Palicki
2352,Adam Sandler
2353,Alan Arkin
2354,Benjamin Bratt
2355,Bill Pullman
2356,Barabara Palvin
2357,Akemi Darenogare
2358,Ashley Greene
2359,Akemi Darenogare
2360,Amy Ryan
2361,AnnaSophia Robb
2362,Amanda Peet
2363,Benjamin Bratt
2364,Anne Bancroft
2365,Ashley Graham
2366,Ben Foster
2367,Bill Paxton
2368,Andy Serkis
2369,Bill O Reilly
2370,Amanda Bynes
2371,Benedict Cumberbatch
2372,Alex Pettyfer
2373,Analeigh Tipton
2374,Ben Johnson
2375,Anderson Cooper
2376,Al Pacino
2377,Bette Midler
2378,Bill Paxton
2379,Analeigh Tipton
2380,Amanda Seyfried
2381,Anna Faris
2382,Bette Midler
2383,Aaron Taylor-Johnson
2384,Andrew Luck
2385,Ashley Greene
2386,Annette Bening
2387,Anthony Hopkins
2388,Andrew Lincoln
2389,Andrew Luck
2390,Betty White
2391,Analeigh Tipton
2392,Abigail Breslin
2393,Alessandra Ambrosio
2394,Amanda Bynes
2395,Andrew Lincoln
2396,Amanda Peet
2397,Adele
2398,Alan Rickman
2399,Annette Bening
2400,Alex Pettyfer
2401,Bernie Mac
2402,Andy Samberg
2403,Anne Baxter
2404,Bill O Reilly
2405,Bill O Reilly
2406,Anjelica Huston
2407,Alex Pettyfer
2408,Alan Rickman
2409,Beyonce Knowles
2410,AnnaSophia Robb
2411,Ben Kingsley
2412,Ashley Judd
2413,Adrianne Palicki
2414,Anna Friel
2415,Abigail Breslin
2416,Betty White
2417,Abigail Breslin
2418,Audrey Hepburn
2419,Al Roker
2420,Amy Schumer
2421,Audrey Hepburn
2422,Anne Bancroft
2423,Ashley Greene
2424,Anne Hathaway
2425,Bernie Mac
2426,Anthony Hopkins
2427,Arnold Schwarzenegger
2428,Ben Kingsley
2429,Ben Johnson
2430,Arnold Schwarzenegger
2431,Alice Eve
2432,Benjamin Bratt
2433,Arnold Schwarzenegger
2434,Alan Rickman
2435,Betty White
2436,Alice Eve
2437,Annette Bening
2438,Benjamin Bratt
2439,Arnold Schwarzenegger
2440,Amanda Seyfried
2441,Andreea Diaconu
2442,Anna Kendrick
2443,Abigail Breslin
2444,Anthony Perkins
2445,Alexander Skarsgard
2446,Barry Pepper
2447,Barabara Palvin
2448,Andrew Luck
2449,Arnold Schwarzenegger
2450,Ben Affleck
2451,Benedict Cumberbatch
2452,Amanda Seyfried
2453,Angela Bassett
2454,Benedict Cumberbatch
2455,Amanda Bynes
2456,Barbra Streisand
2457,Al Pacino
2458,Alex Pettyfer
2459,Alex Pettyfer
2460,Ben Johnson
2461,Albert Finney
2462,Anna Faris
2463,Art Carney
2464,Anna Friel
2465,Ava Gardner
2466,Andreea Diaconu
2467,Anthony Hopkins
2468,Bill Murray
2469,Bill Paxton
2470,Benicio Del Toro
2471,Anthony Perkins
2472,Andrew Luck
2473,Andy Murray
2474,Amy Schumer
2475,Barabara Palvin
2476,Angelina Jolie
2477,Abigail Breslin
2478,Barabara Palvin
2479,Amy Ryan
2480,Bill Pullman
2481,Ben Affleck
2482,Benicio Del Toro
2483,Anjelica Huston
2484,Alan Alda
2485,Andy Serkis
2486,Benedict Cumberbatch
2487,Anna Sui
2488,Benjamin Bratt
2489,Ashton Kutcher
2490,Alexander Skarsgard
2491,Ashley Graham
2492,Andie MacDowell
2493,Andy Samberg
2494,Andrew Luck
2495,Barabara Palvin
2496,Anthony Mackie
2497,Anne Baxter
2498,Adrianne Palicki
2499,Barabara Palvin
2500,Anne Hathaway
2501,Alice Eve
2502,Anna Friel
2503,Anna Paquin
2504,Angelina Jolie
2505,Aaron Taylor-Johnson
2506,Alex Pettyfer
2507,Adele
2508,Alice Eve
2509,Andreea Diaconu
2510,Anna Friel
2511,Alexandra Daddario
2512,Ashley Judd
2513,Amanda Crew
2514,Anderson Cooper
2515,Analeigh Tipton
2516,Anthony Mackie
2517,Ben Kingsley
2518,Andy Samberg
2519,Bette Midler
2520,Amy Schumer
2521,Analeigh Tipton
2522,Barabara Palvin
2523,Ben Stiller
2524,Alx James
2525,Bill Hader
2526,Andy Samberg
2527,Barry Pepper
2528,Arnold Schwarzenegger
2529,Andy Samberg
2530,Anthony Hopkins
2531,AnnaSophia Robb
2532,Alan Arkin
2533,Andreea Diaconu
2534,Alec Baldwin
2535,Annette Bening
2536,Benicio Del Toro
2537,Berenice Bejo
2538,Ben Affleck
2539,Albert Finney
2540,Barabara Palvin
2541,Andie MacDowell
2542,Amy Adams
2543,Anna Sui
2544,AnnaSophia Robb
2545,Alicia Vikander
2546,Ali Larter
2547,Anna Kendrick
2548,Berenice Bejo
2549,Analeigh Tipton
2550,Anna Faris
2551,Benedict Cumberbatch
2552,Alan Rickman
2553,Barabara Palvin
2554,Art Carney
2555,Andrew Luck
2556,Barbra Streisand
2557,Anna Friel
2558,Adriana Barraza
2559,Amanda Bynes
2560,Anthony Hopkins
2561,Ashley Greene
2562,Benicio Del Toro
2563,Andreea Diaconu
2564,Alexis Thorpe
2565,Ben Kingsley
2566,Bella Hadid
2567,Barbra Streisand
2568,Betty White
2569,Billy Bob Thornton
2570,Bill O Reilly
2571,Amy Ryan
2572,Ben Foster
2573,Ashley Graham
2574,Anna Paquin
2575,Amanda Peet
2576,Alan Alda
2577,Armin Mueller-Stahl
2578,Andreea Diaconu
2579,Alexander Skarsgard
2580,Amber Heard
2581,Armin Mueller-Stahl
2582,Ashton Kutcher
2583,Audrey Hepburn
2584,Barbra Streisand
2585,Anjelica Huston
2586,Anna Faris
2587,Alan Arkin
2588,Alan Rickman
2589,Audrey Hepburn
2590,Abigail Breslin
2591,Bill Paxton
2592,Aaron Taylor-Johnson
2593,Barbra Streisand
2594,Anthony Mackie
2595,Adrianne Palicki
2596,Annette Bening
2597,Anna Paquin
2598,Audrey Tautou
2599,Adrianne Palicki
2600,Amanda Seyfried
2601,Albert Finney
2602,Anne Hathaway
2603,Anne Baxter
2604,Amanda Seyfried
2605,Bella Hadid
2606,Bernie Mac
2607,Akemi Darenogare
2608,Barry Pepper
2609,Alan Alda
2610,Alec Baldwin
2611,Analeigh Tipton
2612,Aaron Taylor-Johnson
2613,Bill Paxton
2614,Anna Friel
2615,Adriana Lima
2616,Amanda Crew
2617,Anna Paquin
2618,Ben Stiller
2619,Alice Eve
2620,Audrey Hepburn
2621,Andy Garcia
2622,Adam Sandler
2623,Bella Hadid
2624,Ava Gardner
2625,Barbra Streisand
2626,Alex Pettyfer
2627,Adam Sandler
2628,Alec Baldwin
2629,Alx James
2630,bella thorne
2631,Ashton Kutcher
2632,Amanda Seyfried
2633,Benedict Cumberbatch
2634,Audrey Tautou
2635,Bill Murray
2636,Anne Hathaway
2637,Angelina Jolie
2638,Adrien Brody
2639,Andie MacDowell
2640,Anna Kendrick
2641,Akemi Darenogare
2642,Andy Samberg
2643,Andie MacDowell
2644,Audrey Tautou
2645,Anjelica Huston
2646,Bill O Reilly
2647,Alan Rickman
2648,Ben Kingsley
2649,Anna Friel
2650,Andie MacDowell
2651,Andrew Lincoln
2652,Barry Pepper
2653,Aaron Taylor-Johnson
2654,Anna Kendrick
2655,Art Carney
2656,Andy Serkis
2657,Anna Kendrick
2658,Barbra Streisand
2659,Andy Murray
2660,Anna Friel
2661,Andy Garcia
2662,Alx James
2663,Alessandra Ambrosio
2664,Amy Adams
2665,Anna Paquin
2666,Beyonce Knowles
2667,Adam Sandler
2668,Amanda Crew
2669,Barbra Streisand
2670,Anna Faris
2671,Anna Paquin
2672,Aaron Judge
2673,Alan Arkin
2674,Anthony Hopkins
2675,Bill Paxton
2676,Alan Rickman
2677,Alessandra Ambrosio
2678,Anderson Cooper
2679,Bill Murray
2680,Aaron Paul
2681,Berenice Bejo
2682,Berenice Bejo
2683,Ashley Graham
2684,Albert Brooks
2685,Anne Bancroft
2686,Anna Paquin
2687,Alexis Thorpe
2688,Bill O Reilly
2689,Al Roker
2690,Bill Daley
2691,Annette Bening
2692,Alexandra Daddario
2693,Bill Daley
2694,Andrew Lincoln
2695,Berenice Bejo
2696,Ashley Graham
2697,Ben Foster
2698,Betty White
2699,Analeigh Tipton
2700,Ben Affleck
2701,Aaron Paul
2702,Alex Pettyfer
2703,Ben Stiller
2704,Angela Bassett
2705,Alicia Vikander
2706,Amanda Peet
2707,Barbra Streisand
2708,Ben Affleck
2709,Bill Paxton
2710,Ashley Graham
2711,Adele
2712,Ava Gardner
2713,Anthony Mackie
2714,Amanda Seyfried
2715,Alan Arkin
2716,Adrianne Palicki
2717,Anne Hathaway
2718,Andreea Diaconu
2719,Anne Hathaway
2720,Abigail Breslin
2721,Ava Gardner
2722,Bette Midler
2723,Anna Faris
2724,Arnold Schwarzenegger
2725,Bill Murray
2726,Amy Ryan
2727,Benedict Cumberbatch
2728,Andrew Lincoln
2729,Benedict Cumberbatch
2730,Amy Adams
2731,Alan Rickman
2732,Ben Foster
2733,Amy Schumer
2734,Adriana Lima
2735,Anderson Cooper
2736,Albert Brooks
2737,Adele
2738,Amanda Peet
2739,Alan Alda
2740,Amber Heard
2741,Bill Daley
2742,Benjamin Bratt
2743,Amanda Seyfried
2744,Bill Murray
2745,Alan Arkin
2746,Barry Pepper
2747,Audrey Hepburn
2748,Abigail Breslin
2749,Bill Rancic
2750,Ashley Graham
2751,Anne Bancroft
2752,Andy Samberg
2753,Art Carney
2754,Abigail Breslin
2755,Anderson Cooper
2756,Adriana Lima
2757,Audrey Hepburn
2758,Armin Mueller-Stahl
2759,Art Carney
2760,Annette Bening
2761,Bill Paxton
2762,Bette Midler
2763,AnnaSophia Robb
2764,Anna Friel
2765,Amber Heard
2766,Bernie Mac
2767,Ali Larter
2768,Bernie Mac
2769,Amy Ryan
2770,Annette Bening
2771,Andy Serkis
2772,Arnold Schwarzenegger
2773,Anjelica Huston
2774,Beyonce Knowles
2775,Ava Gardner
2776,Amy Adams
2777,Ben Johnson
2778,Alex Pettyfer
2779,Aaron Paul
2780,Anna Sui
2781,Ashley Greene
2782,Barry Pepper
2783,Audrey Tautou
2784,Anjelica Huston
2785,Barabara Palvin
2786,Barbra Streisand
2787,Amy Adams
2788,Audrey Hepburn
2789,Alexis Thorpe
2790,Berenice Bejo
2791,Bill Daley
2792,Benedict Cumberbatch
2793,AnnaSophia Robb
2794,Amy Ryan
2795,Bella Hadid
2796,Amanda Seyfried
2797,Anne Hathaway
2798,Anne Hathaway
2799,Ben Johnson
2800,Andy Serkis
2801,Abigail Breslin
2802,Amy Ryan
2803,Anna Sui
2804,Anna Friel
2805,Andy Samberg
2806,Akemi Darenogare
2807,Anna Paquin
2808,Audrey Tautou
2809,Ben Foster
2810,Aaron Paul
2811,Ashley Judd
2812,Bill Paxton
2813,Angelina Jolie
2814,Al Pacino
2815,Beyonce Knowles
2816,Andy Murray
2817,Ali Larter
2818,Aaron Judge
2819,Adrien Brody
2820,Anna Paquin
2821,Andrew Lincoln
2822,Andy Serkis
2823,Alan Arkin
2824,Amanda Crew
2825,Anderson Cooper
2826,Andrew Garfield
2827,Alec Baldwin
2828,Alan Rickman
2829,Aaron Judge
2830,Bill Paxton
2831,Alan Rickman
2832,Anderson Cooper
2833,Anjelica Huston
2834,Anna Paquin
2835,Amanda Seyfried
2836,Bella Hadid
2837,Alexandra Daddario
2838,Anna Sui
2839,Angela Bassett
2840,Bill Murray
2841,Barry Pepper
2842,Anjelica Huston
2843,Andrew Luck
2844,Andy Garcia
2845,Alec Baldwin
2846,Adele
2847,Billy Bob Thornton
2848,Annette Bening
2849,Alicia Vikander
2850,Ashley Graham
2851,AnnaSophia Robb
2852,Armin Mueller-Stahl
2853,Ben Stiller
2854,Aaron Judge
2855,Amy Ryan
2856,Albert Finney
2857,Amanda Peet
2858,Berenice Bejo
2859,Andrew Luck
2860,Amanda Bynes
2861,Amber Heard
2862,Andreea Diaconu
2863,Ali Larter
2864,Amy Ryan
2865,Ben Johnson
2866,Alexander Skarsgard
2867,Andrew Garfield
2868,Benjamin Bratt
2869,Annette Bening
2870,Alan Rickman
2871,Al Roker
2872,Anthony Mackie
2873,Berenice Bejo
2874,Bill O Reilly
2875,Billy Bob Thornton
2876,Anderson Cooper
2877,Andy Serkis
2878,AnnaSophia Robb
2879,Betty White
2880,Benedict Cumberbatch
2881,Andie MacDowell
2882,Anna Paquin
2883,Barabara Palvin
2884,Beyonce Knowles
2885,Audrey Hepburn
2886,Art Carney
2887,Barry Pepper
2888,Andy Samberg
2889,Alicia Vikander
2890,Akemi Darenogare
2891,Alessandra Ambrosio
2892,Ava Gardner
2893,Bill Paxton
2894,Amy Schumer
2895,Antonio Banderas
2896,Amanda Seyfried
2897,Adriana Lima
2898,Adrien Brody
2899,Anjelica Huston
2900,Anna Faris
2901,Ali Larter
2902,Billy Bob Thornton
2903,Adrien Brody
2904,Benedict Cumberbatch
2905,Art Carney
2906,Arnold Schwarzenegger
2907,Aaron Taylor-Johnson
2908,Ashley Judd
2909,Alx James
2910,Anne Baxter
2911,Audrey Hepburn
2912,Amanda Seyfried
2913,Barry Pepper
2914,Audrey Hepburn
2915,Adrianne Palicki
2916,Ashley Judd
2917,Anna Faris
2918,Ava Gardner
2919,Angela Bassett
2920,Adele
2921,Alexander Skarsgard
2922,Barabara Palvin
2923,AnnaSophia Robb
2924,Aaron Taylor-Johnson
2925,Alice Eve
2926,Armin Mueller-Stahl
2927,Aaron Paul
2928,Amy Adams
2929,Benjamin Bratt
2930,Amy Ryan
2931,Angela Bassett
2932,Ashley Greene
2933,Alice Eve
2934,Albert Finney
2935,Analeigh Tipton
2936,Anthony Hopkins
2937,Alan Rickman
2938,Benjamin Bratt
2939,Andy Samberg
2940,Amber Heard
2941,Anna Faris
2942,Adam Sandler
2943,Adrianne Palicki
2944,Antonio Banderas
2945,Alex Pettyfer
2946,Adriana Lima
2947,Aaron Paul
2948,Anthony Mackie
2949,Albert Brooks
2950,Annette Bening
2951,Amy Ryan
2952,Amanda Bynes
2953,Amanda Crew
2954,Aaron Paul
2955,Barry Pepper
2956,Anna Friel
2957,Benedict Cumberbatch
2958,Andie MacDowell
2959,Andrew Lincoln
2960,Al Pacino
2961,bella thorne
2962,Andy Garcia
2963,Alexandra Daddario
2964,Anthony Mackie
2965,Andie MacDowell
2966,Angelina Jolie
2967,Anjelica Huston
2968,Adam Sandler
2969,Anne Bancroft
2970,Anna Paquin
2971,Barbra Streisand
2972,Alexandra Daddario
2973,Alan Arkin
2974,Angela Bassett
2975,Benjamin Bratt
2976,Benicio Del Toro
2977,Ashton Kutcher
2978,Alexander Skarsgard
2979,Anna Faris
2980,Amy Adams
2981,Alan Alda
2982,Alan Rickman
2983,Ashley Judd
2984,Andrew Luck
2985,Benedict Cumberbatch
2986,Alan Rickman
2987,Ali Larter
2988,Barbra Streisand
2989,Amanda Bynes
2990,Alice Eve
2991,Bill Daley
2992,Alx James
2993,Benedict Cumberbatch
2994,Aaron Judge
2995,Antonio Banderas
2996,Billy Bob Thornton
2997,Amanda Peet
2998,Andy Murray
2999,Benjamin Bratt
3000,Amy Schumer
3001,Anthony Mackie
3002,Billy Bob Thornton
3003,Ben Affleck
3004,Ashley Greene
3005,Anne Hathaway
3006,Alexander Skarsgard
3007,Albert Finney
3008,bella thorne
3009,Amy Ryan
3010,Alice Eve
3011,Adriana Lima
3012,Bill Pullman
3013,Anderson Cooper
3014,Bill Paxton
3015,Ashley Judd
3016,Anthony Mackie
3017,Benjamin Bratt
3018,Alexander Skarsgard
3019,Abigail Breslin
3020,Alexis Thorpe
3021,Angela Bassett
3022,Ashley Greene
3023,Ashley Judd
3024,Bill O Reilly
3025,Anne Hathaway
3026,Amanda Bynes
3027,Bill Murray
3028,Annette Bening
3029,Bette Midler
3030,Andie MacDowell
3031,Armin Mueller-Stahl
3032,Anjelica Huston
3033,Barbra Streisand
3034,Ben Affleck
3035,Aaron Judge
3036,Bill Pullman
3037,Ali Larter
3038,Anjelica Huston
3039,Alan Arkin
3040,Bill Pullman
3041,Bella Hadid
3042,Bill Rancic
3043,Amanda Peet
3044,Andrew Luck
3045,Andrew Lincoln
3046,Anne Baxter
3047,Adriana Lima
3048,Amber Heard
3049,Benedict Cumberbatch
3050,Alexis Thorpe
3051,Barry Pepper
3052,Anderson Cooper
3053,Anthony Mackie
3054,Alex Pettyfer
3055,AnnaSophia Robb
3056,Anthony Perkins
3057,Anne Hathaway
3058,Ben Foster
3059,Alan Rickman
3060,Amanda Crew
3061,Andrew Lincoln
3062,Anthony Mackie
3063,Akemi Darenogare
3064,Audrey Tautou
3065,Benedict Cumberbatch
3066,Al Pacino
3067,Ben Johnson
3068,Andrew Luck
3069,Bill Paxton
3070,Bill Hader
3071,Benjamin Bratt
3072,Ashley Judd
3073,Alessandra Ambrosio
3074,Anne Baxter
3075,Bella Hadid
3076,Anthony Hopkins
3077,Anne Hathaway
3078,Albert Brooks
3079,Arnold Schwarzenegger
3080,Ben Foster
3081,Anna Kendrick
3082,Arnold Schwarzenegger
3083,Bill O Reilly
3084,Amy Schumer
3085,Arnold Schwarzenegger
3086,Benedict Cumberbatch
3087,Anderson Cooper
3088,Albert Brooks
3089,Anthony Perkins
3090,Bette Midler
3091,Betty White
3092,Andy Murray
3093,Al Pacino
3094,Anna Faris
3095,Benjamin Bratt
3096,Ben Stiller
3097,Ben Affleck
3098,Ashley Greene
3099,Ashley Judd
3100,Anna Faris
3101,Ben Foster
3102,Amanda Peet
3103,Alan Arkin
3104,Anthony Mackie
3105,Alessandra Ambrosio
3106,Anna Paquin
3107,Bill Pullman
3108,Beyonce Knowles
3109,Beyonce Knowles
3110,Anna Faris
3111,Anne Bancroft
3112,Bill Murray
3113,Billy Bob Thornton
3114,Abigail Breslin
3115,Amy Schumer
3116,Anthony Perkins
3117,Adriana Barraza
3118,Anne Baxter
3119,Anne Bancroft
3120,bella thorne
3121,Albert Finney
3122,Alessandra Ambrosio
3123,Bill O Reilly
3124,Adrianne Palicki
3125,Anthony Perkins
3126,Amy Adams
3127,Ashley Greene
3128,Benjamin Bratt
3129,Adam Sandler
3130,Ashley Greene
3131,Alexandra Daddario
3132,Berenice Bejo
3133,Adrien Brody
3134,Beyonce Knowles
3135,Andreea Diaconu
3136,Alx James
3137,Alan Rickman
3138,Ben Foster
3139,Alx James
3140,Anna Paquin
3141,Anjelica Huston
3142,Art Carney
3143,Alx James
3144,Aaron Taylor-Johnson
3145,Anthony Perkins
3146,Berenice Bejo
3147,Barabara Palvin
3148,Art Carney
3149,Angela Bassett
3150,Bella Hadid
3151,Ava Gardner
3152,Anna Sui
3153,Anderson Cooper
3154,Amanda Seyfried
3155,Aaron Paul
3156,Benedict Cumberbatch
3157,Bernie Mac
3158,Adriana Lima
3159,Akemi Darenogare
3160,Andie MacDowell
3161,Andie MacDowell
3162,Alexander Skarsgard
3163,Alx James
3164,Anderson Cooper
3165,Anthony Hopkins
3166,Anthony Mackie
3167,Anna Friel
3168,Bill Hader
3169,Billy Bob Thornton
3170,Anne Hathaway
3171,Ashley Greene
3172,Annette Bening
3173,Berenice Bejo
3174,Andy Samberg
3175,Andreea Diaconu
3176,Al Pacino
3177,Adrianne Palicki
3178,Amanda Crew
3179,Ben Johnson
3180,Anna Sui
3181,Akemi Darenogare
3182,Albert Finney
3183,Arnold Schwarzenegger
3184,Al Pacino
3185,Andie MacDowell
3186,Ben Affleck
3187,Alexander Skarsgard
3188,Anne Bancroft
3189,Barry Pepper
3190,Amy Adams
3191,Benicio Del Toro
3192,Beyonce Knowles
3193,Art Carney
3194,Andy Garcia
3195,Benicio Del Toro
3196,Adriana Barraza
3197,Bill Hader
3198,Bill O Reilly
3199,Ashley Graham
3200,Albert Finney
3201,Anna Kendrick
3202,AnnaSophia Robb
3203,Alexandra Daddario
3204,Akemi Darenogare
3205,Benedict Cumberbatch
3206,Amy Adams
3207,Anthony Mackie
3208,Andrew Luck
3209,Al Pacino
3210,Alec Baldwin
3211,Alan Alda
3212,Andreea Diaconu
3213,Bill Paxton
3214,Berenice Bejo
3215,Bella Hadid
3216,Antonio Banderas
3217,Albert Brooks
3218,Billy Bob Thornton
3219,Anna Sui
3220,Bill O Reilly
3221,Analeigh Tipton
3222,Bill Hader
3223,Andrew Lincoln
3224,Arnold Schwarzenegger
3225,Andy Murray
3226,Ashley Judd
3227,Alec Baldwin
3228,Anna Kendrick
3229,Benicio Del Toro
3230,Barbra Streisand
3231,Benicio Del Toro
3232,Amy Schumer
3233,Amber Heard
3234,Billy Bob Thornton
3235,Art Carney
3236,Betty White
3237,Audrey Hepburn
3238,Anderson Cooper
3239,Antonio Banderas
3240,Adrien Brody
3241,Alice Eve
3242,Anna Friel
3243,Bill Murray
3244,Benedict Cumberbatch
3245,Anderson Cooper
3246,Andy Garcia
3247,Anthony Hopkins
3248,Audrey Tautou
3249,Akemi Darenogare
3250,Alice Eve
3251,Amy Ryan
3252,Andrew Luck
3253,Ashley Greene
3254,Bill Daley
3255,Alx James
3256,Alexandra Daddario
3257,Adriana Lima
3258,Anna Friel
3259,Adriana Barraza
3260,Ben Stiller
3261,Alex Pettyfer
3262,Alec Baldwin
3263,Andy Garcia
3264,Akemi Darenogare
3265,Ashley Graham
3266,Anne Bancroft
3267,Andy Garcia
3268,Aaron Taylor-Johnson
3269,Andrew Lincoln
3270,Antonio Banderas
3271,Anna Faris
3272,Anthony Mackie
3273,Anne Hathaway
3274,Bill O Reilly
3275,Al Pacino
3276,Amanda Peet
3277,Amy Ryan
3278,Andy Samberg
3279,Ben Kingsley
3280,Armin Mueller-Stahl
3281,Ben Stiller
3282,Amy Schumer
3283,Bill Rancic
3284,Alexandra Daddario
3285,Anthony Hopkins
3286,Annette Bening
3287,Al Pacino
3288,Barry Pepper
3289,Al Roker
3290,Alexandra Daddario
3291,Angelina Jolie
3292,Akemi Darenogare
3293,Ashley Greene
3294,Aaron Taylor-Johnson
3295,Betty White
3296,Anne Hathaway
3297,Barabara Palvin
3298,Arnold Schwarzenegger
3299,Arnold Schwarzenegger
3300,Betty White
3301,Anna Kendrick
3302,Alan Rickman
3303,Andrew Luck
3304,Adele
3305,Arnold Schwarzenegger
3306,Amanda Crew
3307,Amy Ryan
3308,Benicio Del Toro
3309,Al Roker
3310,Amy Schumer
3311,Anna Kendrick
3312,Adriana Lima
3313,Alexander Skarsgard
3314,Bill Daley
3315,Barry Pepper
3316,Ashley Judd
3317,Amber Heard
3318,Barry Pepper
3319,Ashton Kutcher
3320,Benedict Cumberbatch
3321,Analeigh Tipton
3322,Andy Serkis
3323,Anjelica Huston
3324,Amanda Bynes
3325,Bill Paxton
3326,Anthony Perkins
3327,Ali Larter
3328,bella thorne
3329,Adrien Brody
3330,Bill O Reilly
3331,Adriana Barraza
3332,Audrey Hepburn
3333,Bernie Mac
3334,Andie MacDowell
3335,Anderson Cooper
3336,Amanda Crew
3337,Annette Bening
3338,Al Roker
3339,Alec Baldwin
3340,Aaron Paul
3341,Beyonce Knowles
3342,Bill Rancic
3343,Aaron Paul
3344,Beyonce Knowles
3345,bella thorne
3346,Bette Midler
3347,Al Pacino
3348,Alan Arkin
3349,Anne Hathaway
3350,Anna Paquin
3351,Audrey Hepburn
3352,Anna Kendrick
3353,Andy Garcia
3354,Amanda Seyfried
3355,Antonio Banderas
3356,Alexandra Daddario
3357,Aaron Judge
3358,Ava Gardner
3359,Anna Sui
3360,Anna Faris
3361,Ben Johnson
3362,Alexandra Daddario
3363,Anthony Hopkins
3364,Alice Eve
3365,Anne Baxter
3366,Al Roker
3367,Angelina Jolie
3368,Bill Pullman
3369,Andy Serkis
3370,Benjamin Bratt
3371,Aaron Paul
3372,Al Roker
3373,Amy Ryan
3374,Aaron Judge
3375,Benicio Del Toro
3376,Andy Garcia
3377,Al Roker
3378,Alan Rickman
3379,Anthony Hopkins
3380,Billy Bob Thornton
3381,Betty White
3382,Amy Adams
3383,Anne Hathaway
3384,Barry Pepper
3385,Amy Schumer
3386,Andreea Diaconu
3387,Anthony Hopkins
3388,Anna Paquin
3389,Ashley Graham
3390,Ashley Greene
3391,Ashley Greene
3392,Bill Murray
3393,Bella Hadid
3394,Anderson Cooper
3395,Bill Paxton
3396,Analeigh Tipton
3397,Alexander Skarsgard
3398,Albert Finney
3399,Bill Paxton
3400,Aaron Judge
3401,Benicio Del Toro
3402,Ali Larter
3403,Bill O Reilly
3404,Aaron Taylor-Johnson
3405,Al Pacino
3406,Andreea Diaconu
3407,Amy Ryan
3408,Benicio Del Toro
3409,Andy Serkis
3410,Anna Faris
3411,Bernie Mac
3412,Amy Schumer
3413,Amanda Seyfried
3414,Audrey Hepburn
3415,Amy Schumer
3416,Alice Eve
3417,Berenice Bejo
3418,Beyonce Knowles
3419,Alx James
3420,Bill Murray
3421,Anne Bancroft
3422,Akemi Darenogare
3423,Anthony Perkins
3424,Benicio Del Toro
3425,Ben Foster
3426,Amber Heard
3427,Beyonce Knowles
3428,Ben Kingsley
3429,Alessandra Ambrosio
3430,AnnaSophia Robb
3431,Ashley Greene
3432,Alx James
3433,Ben Affleck
3434,Andy Serkis
3435,Ben Kingsley
3436,Andy Garcia
3437,Alx James
3438,Bella Hadid
3439,Alexis Thorpe
3440,Alexandra Daddario
3441,Alice Eve
3442,Adrien Brody
3443,Ben Johnson
3444,Bette Midler
3445,Andy Murray
3446,Art Carney
3447,Beyonce Knowles
3448,Aaron Paul
3449,Ben Stiller
3450,Al Roker
3451,Albert Finney
3452,Audrey Hepburn
3453,Annette Bening
3454,Bella Hadid
3455,Ashley Judd
3456,Andy Serkis
3457,Benjamin Bratt
3458,Barbra Streisand
3459,Andrew Lincoln
3460,Ava Gardner
3461,Alexis Thorpe
3462,Andy Garcia
3463,Adrianne Palicki
3464,Bill Pullman
3465,Ava Gardner
3466,Al Pacino
3467,Andy Samberg
3468,Adrianne Palicki
3469,Akemi Darenogare
3470,Benjamin Bratt
3471,Anthony Hopkins
3472,Andie MacDowell
3473,Aaron Paul
3474,Armin Mueller-Stahl
3475,Amanda Crew
3476,Al Roker
3477,Bette Midler
3478,Bill Murray
3479,Andrew Lincoln
3480,Anna Paquin
3481,Anna Faris
3482,Alexandra Daddario
3483,Adrien Brody
3484,Adam Sandler
3485,Adriana Barraza
3486,Art Carney
3487,Andy Serkis
3488,Bette Midler
3489,Antonio Banderas
3490,Analeigh Tipton
3491,Andreea Diaconu
3492,Alec Baldwin
3493,Andy Garcia
3494,Beyonce Knowles
3495,Adriana Lima
3496,Adriana Barraza
3497,Anna Paquin
3498,Alexis Thorpe
3499,Anjelica Huston
3500,Arnold Schwarzenegger
3501,Benedict Cumberbatch
3502,Andrew Lincoln
3503,Anthony Perkins
3504,Alice Eve
3505,Amy Ryan
3506,Ben Kingsley
3507,Anjelica Huston
3508,Bill Hader
3509,Angelina Jolie
3510,Abigail Breslin
3511,Art Carney
3512,Bill Rancic
3513,Amanda Bynes
3514,Alan Rickman
3515,Al Roker
3516,Amy Adams
3517,Angela Bassett
3518,Ben Foster
3519,Ben Foster
3520,Alx James
3521,Art Carney
3522,Andrew Lincoln
3523,Alexandra Daddario
3524,Antonio Banderas
3525,Annette Bening
3526,Andy Serkis
3527,AnnaSophia Robb
3528,Benicio Del Toro
3529,Ashley Judd
3530,Ashley Greene
3531,Amy Schumer
3532,Bill Daley
3533,Andreea Diaconu
3534,Antonio Banderas
3535,Barbra Streisand
3536,Andy Serkis
3537,Amy Schumer
3538,Alice Eve
3539,Aaron Judge
3540,Alexis Thorpe
3541,Bill Daley
3542,Audrey Tautou
3543,Bill O Reilly
3544,Betty White
3545,Ashley Judd
3546,Alan Alda
3547,Benedict Cumberbatch
3548,Bill Rancic
3549,Betty White
3550,Anthony Hopkins
3551,Alicia Vikander
3552,Benicio Del Toro
3553,Abigail Breslin
3554,Anna Sui
3555,Adrianne Palicki
3556,Akemi Darenogare
3557,Bette Midler
3558,Anne Hathaway
3559,Anne Bancroft
3560,Anna Paquin
3561,Anthony Hopkins
3562,Billy Bob Thornton
3563,Albert Brooks
3564,Amy Ryan
3565,Anna Kendrick
3566,Betty White
3567,Alessandra Ambrosio
3568,Anne Hathaway
3569,Anne Baxter
3570,Andrew Luck
3571,Berenice Bejo
3572,Anjelica Huston
3573,Anne Hathaway
3574,Annette Bening
3575,Alicia Vikander
3576,Anne Hathaway
3577,Benicio Del Toro
3578,Alan Rickman
3579,Angela Bassett
3580,Beyonce Knowles
3581,Alan Arkin
3582,Andrew Lincoln
3583,Bill Pullman
3584,Anna Sui
3585,Armin Mueller-Stahl
3586,Alan Rickman
3587,Ashley Greene
3588,Billy Bob Thornton
3589,Alexander Skarsgard
3590,Ashton Kutcher
3591,Ashley Greene
3592,Alan Arkin
3593,Ashton Kutcher
3594,Anthony Mackie
3595,Benicio Del Toro
3596,Andy Garcia
3597,Bill O Reilly
3598,Albert Brooks
3599,Adam Sandler
3600,Alessandra Ambrosio
3601,Alexander Skarsgard
3602,Ben Johnson
3603,Adriana Lima
3604,Adrien Brody
3605,Bill Hader
3606,Adriana Barraza
3607,Abigail Breslin
3608,Anthony Hopkins
3609,Anjelica Huston
3610,Betty White
3611,Andie MacDowell
3612,Alan Alda
3613,Bill Hader
3614,Bette Midler
3615,Ashley Judd
3616,Beyonce Knowles
3617,Alice Eve
3618,Betty White
3619,Bette Midler
3620,Ben Foster
3621,Amanda Bynes
3622,Amy Adams
3623,Betty White
3624,Alx James
3625,Anjelica Huston
3626,Bill Rancic
3627,Bill Rancic
3628,Alessandra Ambrosio
3629,Andie MacDowell
3630,Betty White
3631,Adele
3632,Anna Sui
3633,Angelina Jolie
3634,Angelina Jolie
3635,Alec Baldwin
3636,Bernie Mac
3637,Amy Adams
3638,Anna Paquin
3639,Bill O Reilly
3640,Anna Sui
3641,Andrew Garfield
3642,Ben Stiller
3643,Anna Kendrick
3644,Amanda Peet
3645,Amanda Bynes
3646,Bill Daley
3647,Anne Hathaway
3648,Alicia Vikander
3649,Bill O Reilly
3650,Art Carney
3651,Antonio Banderas
3652,Al Roker
3653,Analeigh Tipton
3654,Anna Faris
3655,Anderson Cooper
3656,Antonio Banderas
3657,Alexis Thorpe
3658,Andrew Garfield
3659,Ashton Kutcher
3660,Amy Ryan
3661,Anthony Perkins
3662,Aaron Taylor-Johnson
3663,Anne Baxter
3664,Bill Daley
3665,Albert Finney
3666,Adriana Barraza
3667,Amanda Bynes
3668,Al Pacino
3669,Al Roker
3670,Ava Gardner
3671,Angelina Jolie
3672,Audrey Tautou
3673,Alan Alda
3674,Ali Larter
3675,Adriana Lima
3676,AnnaSophia Robb
3677,Arnold Schwarzenegger
3678,Benicio Del Toro
3679,Andrew Luck
3680,Amanda Bynes
3681,Albert Finney
3682,Ashley Judd
3683,Bill Paxton
3684,Andy Serkis
3685,Anthony Hopkins
3686,Ava Gardner
3687,Ben Affleck
3688,Andrew Luck
3689,Adele
3690,Bill Paxton
3691,Alice Eve
3692,Benedict Cumberbatch
3693,Anthony Mackie
3694,Adrianne Palicki
3695,Barabara Palvin
3696,Art Carney
3697,Benjamin Bratt
3698,Bill Murray
3699,Amanda Seyfried
3700,Andie MacDowell
3701,Andreea Diaconu
3702,Angela Bassett
3703,Adriana Barraza
3704,Ben Foster
3705,Anderson Cooper
3706,Antonio Banderas
3707,Benicio Del Toro
3708,Ben Foster
3709,Barry Pepper
3710,Arnold Schwarzenegger
3711,Anderson Cooper
3712,Ben Stiller
3713,Ava Gardner
3714,Betty White
3715,Benedict Cumberbatch
3716,Ashley Graham
3717,Ashley Judd
3718,Alessandra Ambrosio
3719,Ben Affleck
3720,Ben Kingsley
3721,Ben Johnson
3722,Andie MacDowell
3723,Art Carney
3724,Anderson Cooper
3725,Adele
3726,Bill Pullman
3727,Aaron Paul
3728,Aaron Judge
3729,Andy Garcia
3730,Bella Hadid
3731,Alx James
3732,Amanda Crew
3733,Anna Friel
3734,Billy Bob Thornton
3735,Bill Paxton
3736,Betty White
3737,Andreea Diaconu
3738,Alicia Vikander
3739,Ashley Greene
3740,Adele
3741,Ashley Judd
3742,Ashton Kutcher
3743,Aaron Taylor-Johnson
3744,Barabara Palvin
3745,Ben Foster
3746,Bella Hadid
3747,Andy Murray
3748,AnnaSophia Robb
3749,Anna Faris
3750,Alx James
3751,Anderson Cooper
3752,Al Roker
3753,Alan Arkin
3754,Angelina Jolie
3755,Bill Pullman
3756,Abigail Breslin
3757,Andy Samberg
3758,Ashley Judd
3759,Adrianne Palicki
3760,Amy Ryan
3761,Beyonce Knowles
3762,Alan Alda
3763,Angelina Jolie
3764,Ashley Graham
3765,Anna Paquin
3766,Alan Alda
3767,Ben Affleck
3768,Ashley Greene
3769,Beyonce Knowles
3770,Anderson Cooper
3771,Alan Rickman
3772,Andrew Luck
3773,Bernie Mac
3774,Ben Affleck
3775,Armin Mueller-Stahl
3776,Anna Paquin
3777,Alice Eve
3778,Anna Friel
3779,Anna Faris
3780,Amy Schumer
3781,Alexandra Daddario
3782,Abigail Breslin
3783,Ben Kingsley
3784,Alexander Skarsgard
3785,Anne Bancroft
3786,Ashley Greene
3787,Aaron Judge
3788,Bill Paxton
3789,Alexander Skarsgard
3790,Alan Arkin
3791,Alice Eve
3792,Adam Sandler
3793,Adriana Lima
3794,Barry Pepper
3795,Ben Stiller
3796,Alan Rickman
3797,Andy Samberg
3798,Alan Rickman
3799,Billy Bob Thornton
3800,Barabara Palvin
3801,Amber Heard
3802,Benedict Cumberbatch
3803,Amy Ryan
3804,Benjamin Bratt
3805,Bill Hader
3806,Analeigh Tipton
3807,Amy Adams
3808,Amanda Peet
3809,Ashley Judd
3810,Akemi Darenogare
3811,Adrien Brody
3812,Ben Affleck
3813,Bill O Reilly
3814,Adriana Barraza
3815,Ava Gardner
3816,Aaron Judge
3817,Adrien Brody
3818,Alec Baldwin
3819,Alicia Vikander
3820,Bill Hader
3821,Analeigh Tipton
3822,Ashley Judd
3823,Armin Mueller-Stahl
3824,Ben Johnson
3825,Anthony Perkins
3826,bella thorne
3827,Akemi Darenogare
3828,Anthony Mackie
3829,Anne Hathaway
3830,Art Carney
3831,Bernie Mac
3832,Alexander Skarsgard
3833,Alexandra Daddario
3834,Barry Pepper
3835,Bernie Mac
3836,Bill O Reilly
3837,Alessandra Ambrosio
3838,Bette Midler
3839,Bella Hadid
3840,Andie MacDowell
3841,Amber Heard
3842,Andy Serkis
3843,Ben Affleck
3844,Ben Affleck
3845,Andreea Diaconu
3846,Ashton Kutcher
3847,Alex Pettyfer
3848,Audrey Hepburn
3849,Barabara Palvin
3850,Adam Sandler
3851,Amy Adams
3852,Anna Faris
3853,Barabara Palvin
3854,Amy Adams
3855,Ava Gardner
3856,Anthony Perkins
3857,Andreea Diaconu
3858,Anne Bancroft
3859,bella thorne
3860,AnnaSophia Robb
3861,Ali Larter
3862,Anna Paquin
3863,Alessandra Ambrosio
3864,Alexandra Daddario
3865,Amy Adams
3866,Alec Baldwin
3867,Bill Murray
3868,Ben Stiller
3869,Anna Friel
3870,Andy Garcia
3871,Anna Sui
3872,Anderson Cooper
3873,Anna Kendrick
3874,bella thorne
3875,Amanda Bynes
3876,Anna Sui
3877,Armin Mueller-Stahl
3878,Alan Alda
3879,Adrianne Palicki
3880,Alan Alda
3881,Ben Johnson
3882,Al Roker
3883,Anne Baxter
3884,Benicio Del Toro
3885,Abigail Breslin
3886,Alex Pettyfer
3887,Anne Bancroft
3888,Angelina Jolie
3889,Bill Hader
3890,Angelina Jolie
3891,Bill Pullman
3892,Amber Heard
3893,Alexis Thorpe
3894,Anderson Cooper
3895,Al Pacino
3896,Benicio Del Toro
3897,Arnold Schwarzenegger
3898,Adrien Brody
3899,Ben Johnson
3900,Ben Affleck
3901,AnnaSophia Robb
3902,Andy Murray
3903,Ali Larter
3904,Alx James
3905,Beyonce Knowles
3906,Bernie Mac
3907,Alice Eve
3908,Alan Alda
3909,Andrew Garfield
3910,Anthony Mackie
3911,Abigail Breslin
3912,Andie MacDowell
3913,Anna Kendrick
3914,Andy Samberg
3915,Anne Baxter
3916,Adriana Lima
3917,Anna Paquin
3918,Albert Brooks
3919,Andrew Luck
3920,Aaron Judge
3921,Adriana Lima
3922,Andy Garcia
3923,Alexander Skarsgard
3924,Billy Bob Thornton
3925,Alicia Vikander
3926,Al Pacino
3927,Alexander Skarsgard
3928,Anna Friel
3929,Alx James
3930,Adriana Barraza
3931,Anna Faris
3932,Alicia Vikander
3933,Alec Baldwin
3934,Ashley Greene
3935,Barbra Streisand
3936,Anthony Hopkins
3937,Ava Gardner
3938,Anthony Mackie
3939,Barbra Streisand
3940,Ashton Kutcher
3941,bella thorne
3942,Betty White
3943,Amy Adams
3944,Art Carney
3945,Beyonce Knowles
3946,Bette Midler
3947,Anthony Perkins
3948,Ashley Judd
3949,Akemi Darenogare
3950,Albert Brooks
3951,Alessandra Ambrosio
3952,Anna Paquin
3953,Ben Kingsley
3954,Art Carney
3955,Alexander Skarsgard
3956,Andy Samberg
3957,Art Carney
3958,Ashley Greene
3959,Abigail Breslin
3960,Audrey Hepburn
3961,Ava Gardner
3962,Anthony Hopkins
3963,Ben Johnson
3964,Alex Pettyfer
3965,Albert Finney
3966,Berenice Bejo
3967,Abigail Breslin
3968,bella thorne
3969,Benjamin Bratt
3970,Berenice Bejo
3971,Barry Pepper
3972,Andy Serkis
3973,Armin Mueller-Stahl
3974,Bill Paxton
3975,Ben Stiller
3976,Anna Friel
3977,Albert Finney
3978,Anna Paquin
3979,Ben Affleck
3980,Audrey Hepburn
3981,AnnaSophia Robb
3982,Anjelica Huston
3983,Betty White
3984,Anna Paquin
3985,Anthony Mackie
3986,Aaron Taylor-Johnson
3987,Alan Rickman
3988,Alx James
3989,Alice Eve
3990,Alessandra Ambrosio
3991,Bette Midler
3992,Ben Kingsley
3993,Adele
3994,Betty White
3995,Ashley Judd
3996,Akemi Darenogare
3997,Ashton Kutcher
3998,Adrianne Palicki
3999,Ali Larter
4000,Anna Paquin
4001,Amanda Peet
4002,Alan Alda
4003,Andrew Luck
4004,Audrey Hepburn
4005,Adriana Barraza
4006,Barabara Palvin
4007,Bill Murray
4008,Amanda Crew
4009,Alexander Skarsgard
4010,Akemi Darenogare
4011,Adrien Brody
4012,Bernie Mac
4013,Ava Gardner
4014,Andrew Garfield
4015,Anthony Mackie
4016,Anna Paquin
4017,Barry Pepper
4018,Al Roker
4019,Betty White
4020,Arnold Schwarzenegger
4021,Bill O Reilly
4022,Audrey Tautou
4023,Anne Bancroft
4024,Alan Arkin
4025,Andy Murray
4026,Anjelica Huston
4027,Ben Stiller
4028,Anderson Cooper
4029,Alex Pettyfer
4030,Ben Affleck
4031,Anjelica Huston
4032,Albert Finney
4033,Art Carney
4034,Alec Baldwin
4035,Bill Paxton
4036,Andrew Luck
4037,Bill Pullman
4038,Anna Paquin
4039,Armin Mueller-Stahl
4040,Alexandra Daddario
4041,Albert Finney
4042,Art Carney
4043,Anthony Mackie
4044,Anne Bancroft
4045,Ava Gardner
4046,Alx James
4047,Anthony Mackie
4048,Adam Sandler
4049,Anne Baxter
4050,Billy Bob Thornton
4051,Adrien Brody
4052,Anthony Hopkins
4053,Anna Friel
4054,Bill Paxton
4055,Alexandra Daddario
4056,Benjamin Bratt
4057,Albert Finney
4058,Al Pacino
4059,Bill Paxton
4060,Bill Daley
4061,Alan Rickman
4062,Ashton Kutcher
4063,Ashley Greene
4064,Art Carney
4065,Barry Pepper
4066,Al Pacino
4067,Bill Hader
4068,Anthony Hopkins
4069,Anne Hathaway
4070,Ben Johnson
4071,Barry Pepper
4072,Audrey Tautou
4073,Alan Arkin
4074,Andie MacDowell
4075,Amy Schumer
4076,Adriana Barraza
4077,Anna Faris
4078,Amber Heard
4079,Angelina Jolie
4080,Ashton Kutcher
4081,Bernie Mac
4082,Barabara Palvin
4083,Bill Paxton
4084,Anna Kendrick
4085,Adele
4086,Barabara Palvin
4087,Amber Heard
4088,Amanda Bynes
4089,Alexandra Daddario
4090,Barry Pepper
4091,Barabara Palvin
4092,Alexander Skarsgard
4093,Aaron Taylor-Johnson
4094,Albert Brooks
4095,Bill Paxton
4096,Ashley Graham
4097,Andy Samberg
4098,Amber Heard
4099,Bill Paxton
4100,Alicia Vikander
4101,Anna Paquin
4102,Alan Alda
4103,Art Carney
4104,Arnold Schwarzenegger
4105,AnnaSophia Robb
4106,Andy Serkis
4107,Billy Bob Thornton
4108,Andy Garcia
4109,Aaron Paul
4110,Alx James
4111,Ava Gardner
4112,Arnold Schwarzenegger
4113,Barry Pepper
4114,Adriana Lima
4115,Adriana Lima
4116,Analeigh Tipton
4117,Al Roker
4118,Alicia Vikander
4119,Antonio Banderas
4120,Anne Hathaway
4121,Anna Kendrick
4122,Alec Baldwin
4123,Betty White
4124,Anna Sui
4125,Ashton Kutcher
4126,Andreea Diaconu
4127,Alan Alda
4128,Adele
4129,Alessandra Ambrosio
4130,Aaron Judge
4131,Andy Murray
4132,Alec Baldwin
4133,Audrey Hepburn
4134,Arnold Schwarzenegger
4135,Alexander Skarsgard
4136,Andy Murray
4137,Adriana Lima
4138,Ali Larter
4139,Andy Serkis
4140,Berenice Bejo
4141,Andrew Lincoln
4142,Anthony Mackie
4143,Andy Murray
4144,Adrien Brody
4145,AnnaSophia Robb
4146,Andrew Lincoln
4147,Abigail Breslin
4148,Ben Stiller
4149,Amanda Peet
4150,Ava Gardner
4151,Barbra Streisand
4152,Alexandra Daddario
4153,Andy Murray
4154,bella thorne
4155,Alan Arkin
4156,bella thorne
4157,Adriana Lima
4158,Amanda Bynes
4159,Akemi Darenogare
4160,Andreea Diaconu
4161,Amber Heard
4162,Anna Faris
4163,Audrey Hepburn
4164,bella thorne
4165,Ashley Graham
4166,Andy Garcia
4167,Alx James
4168,Anna Friel
4169,Angelina Jolie
4170,Alessandra Ambrosio
4171,Anna Faris
4172,AnnaSophia Robb
4173,Ben Kingsley
4174,Ashley Judd
4175,Andy Samberg
4176,Bella Hadid
4177,Alan Rickman
4178,Barbra Streisand
4179,Barry Pepper
4180,Berenice Bejo
4181,Andy Garcia
4182,Alx James
4183,Amy Ryan
4184,Ashley Judd
4185,Bill Paxton
4186,Audrey Hepburn
4187,Barabara Palvin
4188,Alan Arkin
4189,Alexandra Daddario
4190,Alexis Thorpe
4191,Amy Ryan
4192,Bette Midler
4193,Ashley Greene
4194,Bill Daley
4195,Alexandra Daddario
4196,Ashton Kutcher
4197,Ben Kingsley
4198,Aaron Taylor-Johnson
4199,Alexandra Daddario
4200,Art Carney
4201,Betty White
4202,Alexander Skarsgard
4203,Alec Baldwin
4204,bella thorne
4205,Betty White
4206,Ashley Judd
4207,Anthony Hopkins
4208,Bill Rancic
4209,Andrew Garfield
4210,Bette Midler
4211,Anthony Hopkins
4212,Bill Hader
4213,Amanda Crew
4214,Bella Hadid
4215,Ben Affleck
4216,Aaron Taylor-Johnson
4217,Amanda Seyfried
4218,Barbra Streisand
4219,Angela Bassett
4220,Beyonce Knowles
4221,Bernie Mac
4222,Adriana Barraza
4223,Alan Rickman
4224,Billy Bob Thornton
4225,Bernie Mac
4226,Abigail Breslin
4227,Anjelica Huston
4228,Alexandra Daddario
4229,Ali Larter
4230,Alice Eve
4231,Ben Affleck
4232,Ben Affleck
4233,Barbra Streisand
4234,Andy Serkis
4235,Arnold Schwarzenegger
4236,Andy Samberg
4237,Anna Sui
4238,Alicia Vikander
4239,Anthony Hopkins
4240,Ben Johnson
4241,Alan Arkin
4242,Billy Bob Thornton
4243,Barabara Palvin
4244,Beyonce Knowles
4245,Amanda Peet
4246,Andie MacDowell
4247,Anderson Cooper
4248,Ben Foster
4249,Anjelica Huston
4250,Al Roker
4251,Andy Murray
4252,Anderson Cooper
4253,Barry Pepper
4254,Anna Paquin
4255,Art Carney
4256,Akemi Darenogare
4257,Ben Johnson
4258,Anthony Hopkins
4259,Annette Bening
4260,Alicia Vikander
4261,Bernie Mac
4262,Benjamin Bratt
4263,Anthony Perkins
4264,Annette Bening
4265,Arnold Schwarzenegger
4266,Bill Daley
4267,Amber Heard
4268,AnnaSophia Robb
4269,Andy Garcia
4270,Anna Sui
4271,Amy Adams
4272,Angela Bassett
4273,Andrew Garfield
4274,Analeigh Tipton
4275,Andy Garcia
4276,Betty White
4277,Ashton Kutcher
4278,Ashley Judd
4279,Bernie Mac
4280,Aaron Taylor-Johnson
4281,Amber Heard
4282,Ben Johnson
4283,Anderson Cooper
4284,Adriana Barraza
4285,Andy Serkis
4286,Amanda Crew
4287,Bill Pullman
4288,Adele
4289,Alx James
4290,Ben Affleck
4291,Angelina Jolie
4292,Art Carney
4293,Bella Hadid
4294,Anthony Mackie
4295,Alx James
4296,Alessandra Ambrosio
4297,Angela Bassett
4298,Anna Kendrick
4299,Anjelica Huston
4300,Anne Bancroft
4301,Andrew Garfield
4302,Anthony Perkins
4303,Adriana Barraza
4304,Bill Paxton
4305,Angela Bassett
4306,Anthony Perkins
4307,Benjamin Bratt
4308,Barabara Palvin
4309,Anthony Mackie
4310,Ashley Graham
4311,Alexandra Daddario
4312,Alex Pettyfer
4313,Adriana Barraza
4314,Amanda Seyfried
4315,Al Roker
4316,Anthony Perkins
4317,Aaron Judge
4318,Alx James
4319,Ben Kingsley
4320,Bill Paxton
4321,Audrey Hepburn
4322,Andy Murray
4323,Alx James
4324,Ashley Judd
4325,Bill Murray
4326,AnnaSophia Robb
4327,AnnaSophia Robb
4328,Andrew Luck
4329,Adam Sandler
4330,Al Roker
4331,Benjamin Bratt
4332,Anne Hathaway
4333,Bernie Mac
4334,Anna Friel
4335,Anna Paquin
4336,Adam Sandler
4337,Andrew Luck
4338,Anthony Hopkins
4339,Alexis Thorpe
4340,Alexis Thorpe
4341,Alec Baldwin
4342,Alex Pettyfer
4343,Angela Bassett
4344,Andy Garcia
4345,Benicio Del Toro
4346,Barabara Palvin
4347,Ashley Greene
4348,Akemi Darenogare
4349,Alex Pettyfer
4350,Betty White
4351,Betty White
4352,Amanda Peet
4353,Bill Rancic
4354,Angelina Jolie
4355,Bill Hader
4356,Anna Sui
4357,Ben Stiller
4358,Ava Gardner
4359,Adrien Brody
4360,Ben Stiller
4361,Alexandra Daddario
4362,Armin Mueller-Stahl
4363,Billy Bob Thornton
4364,Amanda Crew
4365,Anderson Cooper
4366,Alan Alda
4367,Barabara Palvin
4368,Andy Samberg
4369,Anjelica Huston
4370,Bill Rancic
4371,Ashley Greene
4372,Bill Hader
4373,Amanda Bynes
4374,Alan Rickman
4375,Bill Rancic
4376,Anna Faris
4377,AnnaSophia Robb
4378,Amy Schumer
4379,Angelina Jolie
4380,Alx James
4381,Ashley Greene
4382,Ben Johnson
4383,Anna Faris
4384,Beyonce Knowles
4385,Aaron Paul
4386,Andrew Lincoln
4387,Albert Brooks
4388,Al Pacino
4389,Bill Hader
4390,Albert Brooks
4391,Bernie Mac
4392,Adrianne Palicki
4393,Benedict Cumberbatch
4394,Amy Adams
4395,Anthony Hopkins
4396,Antonio Banderas
4397,Antonio Banderas
4398,Ben Foster
4399,Adrianne Palicki
4400,Barbra Streisand
4401,Bill Murray
4402,Billy Bob Thornton
4403,Amanda Peet
4404,Betty White
4405,Alexandra Daddario
4406,Bill Murray
4407,Alan Arkin
4408,Barabara Palvin
4409,Barry Pepper
4410,Amber Heard
4411,AnnaSophia Robb
4412,Amy Ryan
4413,Amy Adams
4414,Adrianne Palicki
4415,Adrien Brody
4416,Amy Schumer
4417,Ali Larter
4418,Andie MacDowell
4419,Adam Sandler
4420,Alex Pettyfer
4421,Ben Kingsley
4422,Andrew Garfield
4423,Ben Kingsley
4424,Ashton Kutcher
4425,Adriana Lima
4426,Amanda Bynes
4427,Andreea Diaconu
4428,Andreea Diaconu
4429,Andrew Garfield
4430,Albert Finney
4431,Andy Murray
4432,Angela Bassett
4433,Alec Baldwin
4434,Ben Stiller
4435,Al Roker
4436,Anderson Cooper
4437,Al Roker
4438,Billy Bob Thornton
4439,Ava Gardner
4440,Berenice Bejo
4441,Ashley Greene
4442,Berenice Bejo
4443,Andrew Luck
4444,Akemi Darenogare
4445,Bill O Reilly
4446,Anthony Hopkins
4447,Ali Larter
4448,Ben Affleck
4449,Audrey Hepburn
4450,Bill Daley
4451,Armin Mueller-Stahl
4452,Armin Mueller-Stahl
4453,Abigail Breslin
4454,Ashley Judd
4455,Anna Paquin
4456,AnnaSophia Robb
4457,Berenice Bejo
4458,Adriana Lima
4459,Bette Midler
4460,Ashley Judd
4461,Aaron Paul
4462,Ben Johnson
4463,Anthony Perkins
4464,Ashton Kutcher
4465,Aaron Paul
4466,Arnold Schwarzenegger
4467,Amanda Bynes
4468,Ashton Kutcher
4469,Al Roker
4470,Ashley Greene
4471,Al Pacino
4472,Alx James
4473,Ashley Graham
4474,Bill Rancic
4475,Anjelica Huston
4476,Andy Samberg
4477,Aaron Paul
4478,Akemi Darenogare
4479,Bill Pullman
4480,Bill Hader
4481,Bernie Mac
4482,Andy Samberg
4483,Alan Rickman
4484,Arnold Schwarzenegger
4485,Barabara Palvin
4486,Adrien Brody
4487,bella thorne
4488,Andrew Lincoln
4489,Amanda Bynes
4490,Albert Finney
4491,Andy Garcia
4492,Andy Samberg
4493,Ashley Graham
4494,Ava Gardner
4495,Alec Baldwin
4496,Albert Finney
4497,Ali Larter
4498,Adele
4499,Adele
4500,Bill Hader
4501,Abigail Breslin
4502,Al Pacino
4503,Ben Kingsley
4504,Anjelica Huston
4505,Anne Hathaway
4506,Anna Faris
4507,Anne Hathaway
4508,Angelina Jolie
4509,Alicia Vikander
4510,Alicia Vikander
4511,Audrey Hepburn
4512,Billy Bob Thornton
4513,Ben Affleck
4514,Ali Larter
4515,Ashley Graham
4516,Amanda Peet
4517,Albert Brooks
4518,Andie MacDowell
4519,Angela Bassett
4520,Ashley Judd
4521,Aaron Taylor-Johnson
4522,Ben Johnson
4523,Andrew Garfield
4524,Amber Heard
4525,Adele
4526,Anjelica Huston
4527,Bella Hadid
4528,Alessandra Ambrosio
4529,Andy Garcia
4530,Adrien Brody
4531,Amanda Peet
4532,Beyonce Knowles
4533,Alexandra Daddario
4534,Aaron Taylor-Johnson
4535,Adrien Brody
4536,Andrew Luck
4537,Ben Affleck
4538,Anthony Hopkins
4539,Anthony Mackie
4540,AnnaSophia Robb
4541,Audrey Tautou
4542,Ashley Judd
4543,Ben Johnson
4544,Bill Murray
4545,Albert Finney
4546,Bette Midler
4547,Amanda Seyfried
4548,Andy Samberg
4549,bella thorne
4550,Audrey Tautou
4551,Anna Sui
4552,Amanda Peet
4553,Barry Pepper
4554,Adriana Barraza
4555,Bella Hadid
4556,Audrey Hepburn
4557,Bernie Mac
4558,Andrew Lincoln
4559,Bella Hadid
4560,Ashley Greene
4561,Barabara Palvin
4562,Amanda Bynes
4563,Amy Schumer
4564,Al Roker
4565,Amy Ryan
4566,Bella Hadid
4567,Ashley Graham
4568,Albert Finney
4569,Bette Midler
4570,Amy Ryan
4571,Akemi Darenogare
4572,Alessandra Ambrosio
4573,Bernie Mac
4574,Andy Serkis
4575,Alexander Skarsgard
4576,Analeigh Tipton
4577,Ava Gardner
4578,Aaron Judge
4579,Ashley Graham
4580,Art Carney
4581,Alice Eve
4582,Barbra Streisand
4583,Berenice Bejo
4584,Alice Eve
4585,Amy Adams
4586,Angelina Jolie
4587,Andy Serkis
4588,Ali Larter
4589,Ava Gardner
4590,Anthony Hopkins
4591,Ben Johnson
4592,Alec Baldwin
4593,Anna Sui
4594,Amanda Seyfried
4595,bella thorne
4596,Alx James
4597,Adele
4598,Analeigh Tipton
4599,Adam Sandler
4600,Alx James
4601,Aaron Paul
4602,Anjelica Huston
4603,Anne Hathaway
4604,Anne Hathaway
4605,Adrien Brody
4606,Amanda Seyfried
4607,Andrew Lincoln
4608,Anjelica Huston
4609,Amy Schumer
4610,Adriana Lima
4611,Betty White
4612,Alicia Vikander
4613,Ben Kingsley
4614,Benedict Cumberbatch
4615,Alexander Skarsgard
4616,Amy Ryan
4617,Ali Larter
4618,Adrien Brody
4619,Betty White
4620,Adriana Lima
4621,Aaron Judge
4622,Ali Larter
4623,Anthony Perkins
4624,Audrey Tautou
4625,Andrew Garfield
4626,Anna Sui
4627,Adriana Lima
4628,Angelina Jolie
4629,Andrew Luck
4630,Bill Pullman
4631,Angela Bassett
4632,Audrey Tautou
4633,Anna Paquin
4634,Anjelica Huston
4635,Anna Faris
4636,Art Carney
4637,Ashley Greene
4638,Ben Foster
4639,Ava Gardner
4640,Aaron Judge
4641,Alan Rickman
4642,Audrey Tautou
4643,Aaron Taylor-Johnson
4644,Bill Daley
4645,Ali Larter
4646,Betty White
4647,Antonio Banderas
4648,Benedict Cumberbatch
4649,Ashley Greene
4650,Alan Alda
4651,Anna Sui
4652,Aaron Taylor-Johnson
4653,Barabara Palvin
4654,Anthony Hopkins
4655,Bill Daley
4656,Armin Mueller-Stahl
4657,Berenice Bejo
4658,Ben Kingsley
4659,Amy Ryan
4660,Alessandra Ambrosio
4661,Andie MacDowell
4662,Adrien Brody
4663,Bella Hadid
4664,Anne Bancroft
4665,Andy Samberg
4666,Barry Pepper
4667,Ashton Kutcher
4668,Aaron Taylor-Johnson
4669,Alan Rickman
4670,Alexis Thorpe
4671,Ali Larter
4672,Annette Bening
4673,Adrianne Palicki
4674,Aaron Paul
4675,Bill Daley
4676,Albert Brooks
4677,Adam Sandler
4678,Beyonce Knowles
4679,Angelina Jolie
4680,Albert Finney
4681,Andreea Diaconu
4682,Amanda Seyfried
4683,Adriana Lima
4684,Aaron Taylor-Johnson
4685,Alan Arkin
4686,Berenice Bejo
4687,Bella Hadid
4688,Al Pacino
4689,Adele
4690,Adrianne Palicki
4691,Angelina Jolie
4692,Alan Rickman
4693,Anthony Hopkins
4694,Andrew Lincoln
4695,Berenice Bejo
4696,Alan Rickman
4697,Ben Kingsley
4698,Bill Daley
4699,Andy Samberg
4700,Bill Murray
4701,Alan Rickman
4702,Amanda Crew
4703,Anna Friel
4704,Audrey Hepburn
4705,bella thorne
4706,Adriana Lima
4707,Al Pacino
4708,Andrew Lincoln
4709,Audrey Hepburn
4710,Anna Kendrick
4711,Abigail Breslin
4712,Albert Brooks
4713,Al Roker
4714,AnnaSophia Robb
4715,Analeigh Tipton
4716,Betty White
4717,Andie MacDowell
4718,Benedict Cumberbatch
4719,Anjelica Huston
4720,Betty White
4721,Ava Gardner
4722,Bill Rancic
4723,Anthony Hopkins
4724,Berenice Bejo
4725,Analeigh Tipton
4726,Albert Brooks
4727,Bernie Mac
4728,Armin Mueller-Stahl
4729,Ben Johnson
4730,Benedict Cumberbatch
4731,Berenice Bejo
4732,AnnaSophia Robb
4733,Anna Friel
4734,Barry Pepper
4735,Ava Gardner
4736,Ben Affleck
4737,Adriana Lima
4738,Alessandra Ambrosio
4739,Analeigh Tipton
4740,Ashley Greene
4741,Andy Garcia
4742,Alan Arkin
4743,Annette Bening
4744,Amy Adams
4745,Alicia Vikander
4746,Bernie Mac
4747,Barabara Palvin
4748,Andrew Lincoln
4749,bella thorne
4750,Andrew Lincoln
4751,Bernie Mac
4752,Bill Murray
4753,Anna Kendrick
4754,Alx James
4755,Bill Rancic
4756,Bill Paxton
4757,Anna Sui
4758,Anne Baxter
4759,Amanda Seyfried
4760,Alex Pettyfer
4761,Barbra Streisand
4762,Armin Mueller-Stahl
4763,Andreea Diaconu
4764,Abigail Breslin
4765,Anna Friel
4766,Ben Stiller
4767,Ashton Kutcher
4768,Anna Friel
4769,Anthony Perkins
4770,Bella Hadid
4771,Ashley Greene
4772,Adrien Brody
4773,Anna Paquin
4774,Adrianne Palicki
4775,Annette Bening
4776,Akemi Darenogare
4777,Barry Pepper
4778,Ben Johnson
4779,Bill Rancic
4780,Amy Adams
4781,Ava Gardner
4782,Adriana Barraza
4783,Alx James
4784,Ben Foster
4785,Ali Larter
4786,Alicia Vikander
4787,Amy Ryan
4788,Alan Rickman
4789,Amber Heard
4790,Alexander Skarsgard
4791,Ashley Graham
4792,Alicia Vikander
4793,Barry Pepper
4794,Ashton Kutcher
4795,Adrien Brody
4796,Benedict Cumberbatch
4797,Aaron Judge
4798,Adele
4799,Amanda Peet
4800,Andie MacDowell
4801,Ashton Kutcher
4802,Amanda Seyfried
4803,Ava Gardner
4804,Anna Faris
4805,Adrien Brody
4806,Ashley Greene
4807,Alan Arkin
4808,AnnaSophia Robb
4809,Audrey Tautou
4810,Andrew Luck
4811,Anna Faris
4812,Bill Hader
4813,Anne Baxter
4814,Betty White
4815,Angela Bassett
4816,Ashley Graham
4817,Bella Hadid
4818,Andy Samberg
4819,Bella Hadid
4820,Bill Pullman
4821,Anna Friel
4822,Bette Midler
4823,Andy Murray
4824,Antonio Banderas
4825,Benedict Cumberbatch
4826,Audrey Hepburn
4827,Ben Stiller
4828,Bill Daley
4829,Amy Adams
4830,Albert Finney
4831,Adam Sandler
4832,Alexandra Daddario
4833,bella thorne
4834,Anna Kendrick
4835,Ashley Judd
4836,Akemi Darenogare
4837,Billy Bob Thornton
4838,Adrien Brody
4839,Anna Friel
4840,Aaron Paul
4841,Anne Baxter
4842,Bill Pullman
4843,Ben Foster
4844,Ben Stiller
4845,Bernie Mac
4846,Anna Friel
4847,Anne Baxter
4848,Aaron Judge
4849,Alx James
4850,Anderson Cooper
4851,Armin Mueller-Stahl
4852,Benicio Del Toro
4853,Alan Rickman
4854,Akemi Darenogare
4855,Betty White
4856,Alexandra Daddario
4857,Al Roker
4858,Bill Hader
4859,Amber Heard
4860,Alexander Skarsgard
4861,Ben Foster
4862,Alx James
4863,Barbra Streisand
4864,Bette Midler
4865,Bill Paxton
4866,Anna Paquin
4867,Andie MacDowell
4868,Anna Sui
4869,Anne Baxter
4870,Ben Johnson
4871,Arnold Schwarzenegger
4872,Bella Hadid
4873,Alicia Vikander
4874,Akemi Darenogare
4875,Alicia Vikander
4876,Adriana Lima
4877,Adriana Lima
4878,Bette Midler
4879,Armin Mueller-Stahl
4880,Amy Schumer
4881,Alicia Vikander
4882,Andy Serkis
4883,Alexander Skarsgard
4884,Amy Adams
4885,Andrew Lincoln
4886,Ashton Kutcher
4887,Alexis Thorpe
4888,Audrey Hepburn
4889,Alessandra Ambrosio
4890,Aaron Paul
4891,Ben Johnson
4892,Antonio Banderas
4893,Andy Garcia
4894,Anna Paquin
4895,Bernie Mac
4896,Amanda Bynes
4897,Adele
4898,Adriana Barraza
4899,Anthony Mackie
4900,Aaron Paul
4901,Audrey Hepburn
4902,Beyonce Knowles
4903,Amber Heard
4904,Angela Bassett
4905,Bill Rancic
4906,Bill Rancic
4907,Al Pacino
4908,Al Roker
4909,Aaron Judge
4910,Audrey Hepburn
4911,Andrew Luck
4912,Alec Baldwin
4913,Ashley Greene
4914,Ben Affleck
4915,Andy Serkis
4916,Amy Schumer
4917,Amanda Crew
4918,Ben Johnson
4919,Aaron Taylor-Johnson
4920,Betty White
4921,Amy Ryan
4922,Bella Hadid
4923,Ben Affleck
4924,Bill O Reilly
4925,Ava Gardner
4926,Alessandra Ambrosio
4927,Audrey Hepburn
4928,Bill O Reilly
4929,Barbra Streisand
4930,Ashton Kutcher
4931,Anna Sui
4932,Ben Affleck
4933,Angela Bassett
4934,Al Pacino
4935,Alexandra Daddario
4936,Bill Daley
4937,Anthony Mackie
4938,Angelina Jolie
4939,Al Roker
4940,Andreea Diaconu
4941,Anna Paquin
4942,Anne Baxter
4943,Ashley Graham
4944,Al Pacino
4945,Ashley Judd
4946,Angela Bassett
4947,Anjelica Huston
4948,Alexander Skarsgard
4949,Barbra Streisand
4950,Barry Pepper
4951,Bill Daley
4952,Anna Faris
4953,Alec Baldwin
4954,Anjelica Huston
4955,Albert Finney
4956,Adam Sandler
4957,Alexander Skarsgard
4958,Alan Alda
4959,Amanda Bynes
4960,Anjelica Huston
4961,Beyonce Knowles
4962,Alec Baldwin
4963,Al Pacino
4964,Anne Bancroft
4965,Alec Baldwin
4966,Andrew Lincoln
4967,Art Carney
4968,Amanda Peet
4969,Bill Pullman
4970,Analeigh Tipton
4971,Amber Heard
4972,Barabara Palvin
4973,Analeigh Tipton
4974,Bill Hader
4975,Amanda Crew
4976,bella thorne
